,Name,Rating,Score,Release,Budget,Open,Gross,Decade,Profit,Budget_Adjusted,Gross_Adjusted,Open_Adjusted,Profit_Adjusted
0,Mad Max: Fury Road,R,97.0,2015-05-15,150000000.0,5079641.0,153636354.0,2010,3636354.0,156108422.60259813,159892859.18236247,5286498.292649894,3784436.579764321
3,Dunkirk,PG13,92.0,2017-07-21,100000000.0,7729580.50586058,188043731.0,2010,88043731.0,100684549.5045779,189330983.4289503,7782493.310919398,88646433.9243724
5,Logan,R,93.0,2017-03-03,97000000.0,8822384.259996813,226277068.0,2010,129277068.0,97664013.01944056,227826046.5479674,8882777.84774058,130162033.52852683
7,Zootopia,PG,98.0,2016-03-04,150000000.0,2549312.4432334243,341268248.0,2010,191268248.0,154160845.20372105,350734677.0191539,2620027.739581519,196573831.81543285
8,Star Wars: Episode VII - The Force Awakens,PG13,93.0,2015-12-18,245000000.0,22805316.48115864,936662225.0,2010,691662225.0,254977090.25091028,974805749.7079325,23734013.218844727,719828659.4570221
9,Baby Driver,R,93.0,2017-06-28,34000000.0,20553320.0,107825862.0,2010,73825862.0,34232746.831556484,108563983.40412785,20694017.650234308,74331236.57257137
10,Seven Samurai ,G,100.0,1956-11-19,2000000.0,21830.0,269061.0,1950,-1730939.0,18148546.90596549,2441533.08953299,198091.3894786133,-15707013.816432498
11,Up,PG,98.0,2009-05-29,175000000.0,3875013.0,293004164.0,2000,118004164.0,201210397.27412987,336888481.3795103,4455388.029556673,135678084.10538042
13,Lawrence of Arabia,PG,98.0,1962-12-11,15000000.0,32930.0,44824144.0,1960,29824144.0,122315206.61157025,365511628.96978515,268522.65024793387,243196422.35821488
14,The Jungle Book,PG,95.0,2016-04-15,175000000.0,103261464.0,364001123.0,2010,189001123.0,179854319.40434122,374098138.5118908,106125830.44809076,194243819.1075496
15,The Dark Knight,PG13,94.0,2008-07-18,185000000.0,4467543.087180777,534858444.0,2000,349858444.0,211957683.21326628,612796522.3637434,5118540.986023141,400838839.1504772
16,War for the Planet of the Apes,PG13,93.0,2017-07-14,150000000.0,56262929.0,146880162.0,2010,-3119838.0,151026824.25686684,147885629.4212942,56648076.60173052,-3141194.835572633
18,Spider-Man: Homecoming,PG13,92.0,2017-07-07,175000000.0,16871.813493955022,334201140.0,2010,159201140.0,176197961.6330113,336488912.2481637,16987.3094096412,160290950.6151524
20,Skyfall,PG13,93.0,2012-11-09,200000000.0,3478201.5651907045,304360277.0,2010,104360277.0,214874940.0065224,326996981.3037177,3736891.7632547244,112122041.29719529
22,Apocalypse Now,R,98.0,1979-08-15,31500000.0,96992.0,83471511.0,1970,51971511.0,107062673.09679641,283704225.2409094,329657.8663176025,176641552.144113
23,Jaws,PG,97.0,1975-06-20,8000000.0,7061513.0,260000000.0,1970,252000000.0,36668045.83235256,1191711489.5514581,32366485.291219175,1155043443.7191055
24,Harry Potter and the Deathly Hallows - Part 2,PG13,96.0,2011-07-15,125000000.0,169189427.0,381011219.0,2010,256011219.0,137075394.4381888,417818105.03840107,185533659.5263692,280742710.6002123
25,Captain America: Civil War,PG13,91.0,2016-05-06,250000000.0,4148948.4283337714,408084349.0,2010,158084349.0,256934742.00620174,419404187.70833516,4264035.976123895,162469445.70213345
27,Moana,PG,96.0,2016-11-23,150000000.0,56631401.0,248757044.0,2010,98757044.0,154160845.20372105,255657307.6894615,58202297.62153903,101496462.48574045
29,The Hurt Locker,R,97.0,2009-07-31,15000000.0,33747.461306814206,17017811.0,2000,2017811.0,17246605.480639704,19566631.497406043,38801.94340878521,2320026.0167663386
33,The Terminator,R,100.0,1984-10-26,6400000.0,4020663.0,38400000.0,1980,32000000.0,15196678.32992032,91180069.97952192,9546987.856876941,75983391.6496016
34,Star Wars: Episode IV - A New Hope,PG,93.0,1977-05-25,11000000.0,35906661.0,322740140.0,1970,311740140.0,44768744.67453699,1313515538.5349383,146136012.58401406,1268746793.8604014
35,Kubo and the Two Strings,PG,97.0,2016-08-19,60000000.0,12608372.0,48023088.0,2010,-11976912.0,61664338.081488416,49355198.90248449,12958115.227752872,-12309139.179003928
36,Marvel's The Avengers,PG13,92.0,2012-05-04,220000000.0,2059539.4120951134,623357910.0,2010,403357910.0,236362434.0071746,669719967.5692059,2212717.0380750294,433357533.5620313
38,Mission: Impossible Rogue Nation,PG13,93.0,2015-07-31,150000000.0,55520089.0,195042377.0,2010,45042377.0,156108422.60259813,202985052.09420845,57781023.44363907,46876629.49161031
39,Iron Man,PG13,94.0,2008-05-02,140000000.0,98618668.0,318412101.0,2000,178412101.0,160400408.91814747,364810222.8920462,112989104.81545018,204409813.97389877
40,Aliens,R,98.0,1986-07-18,18500000.0,10052042.0,85160248.0,1980,66660248.0,41633481.34771793,191649599.82027212,22621702.870998774,150016118.47255415
46,The Lego Batman Movie,PG,91.0,2017-02-10,80000000.0,1114812.20657277,175750384.0,2010,95750384.0,80547639.60366231,176953482.38296577,1122443.6480098378,96405842.77930343
49,The Lord of the Rings: The Two Towers,PG13,96.0,2002-12-18,94000000.0,1670389.0,342551365.0,2000,248551365.0,128905551.0771369,469752898.6973454,2290663.9846615703,340847347.6202085
50,Chicken Run,G,97.0,2000-06-23,45000000.0,17506162.0,106834564.0,2000,61834564.0,64460540.06968641,153035859.85665506,25076814.60149826,88575319.78696865
54,True Grit,PG13,95.0,2010-12-22,38000000.0,953614.315291334,171243005.0,2010,133243005.0,42986404.8373006,193713714.17068133,1078748.710941013,150727309.33338073
56,The Princess Bride,PG,97.0,1987-10-09,16000000.0,206243.0,30857814.0,1980,14857814.0,34734468.64686469,66989360.80586138,447733.8135709571,32254892.1589967
57,Casino Royale,PG13,94.0,2006-11-17,150000000.0,7061136.987748205,167445960.0,2000,17445960.0,183541068.9622519,204888069.9454032,8640057.53880134,21347000.983151253
59,All Is Lost,PG13,94.0,2013-11-07,9000000.0,93583.0,6263670.0,2010,-2736330.0,9529742.425307915,6632351.304125381,99091.32059862118,-2897391.121182534
60,Ran,R,96.0,1985-06-01,11500000.0,11462.0,3522421.0,1980,-7977579.0,26371492.089751627,8077521.525067393,26284.351507194187,-18293970.564684235
61,Back to the Future,PG,96.0,1985-07-03,19000000.0,11332134.0,210609762.0,1980,191609762.0,43570291.27872008,482964667.1832585,25986546.27313091,439394375.9045384
62,Looper,R,93.0,2012-09-28,30000000.0,1505079.3454004463,66486205.0,2010,36486205.0,32231241.000978358,71431096.55318174,1617019.1702398844,39199855.55220339
63,Sicario,R,93.0,2015-10-02,30000000.0,12148041.0,46889293.0,2010,16889293.0,31221684.520519625,48798757.11454031,12642743.454811258,17577072.594020683
64,No Country for Old Men,R,93.0,2007-11-21,25000000.0,1226333.0,74283625.0,2000,49283625.0,29741851.20698656,88373300.87462348,1458936.544648698,58631449.66763692
67,Who Framed Roger Rabbit,PG,97.0,1988-06-22,70000000.0,1034663.1553160215,156452370.0,1980,86452370.0,146009414.4587441,326335984.7768969,2158150.878138985,180326570.31815284
68,Embrace Of The Serpent ,NR,97.0,2015-05-25,1400000.0,50955.0,1329249.0,2010,-70751.0,1457011.944290916,1383379.7642405399,53030.03115810259,-73632.18005037613
69,Mad Max 2: The Road Warrior,R,98.0,1982-05-21,2000000.0,800926.4511249763,12465371.0,1980,10465371.0,5112310.880829016,31863425.898435235,2047292.5054149923,26751115.017606217
70,The Right Stuff,PG,98.0,1984-02-17,27000000.0,1601167.0,21500000.0,1980,-5500000.0,64110986.70435135,51051341.26457608,3801940.601794301,-13059645.439775275
72,Babe,G,97.0,1995-08-04,30000000.0,8742545.0,66600000.0,1990,36600000.0,48562200.601238586,107808085.33474965,14151907.468511846,59245884.733511075
74,Crouching Tiger Hidden Dragon,PG13,97.0,2001-01-12,17000000.0,988961.8081819464,128078872.0,2000,111078872.0,23682452.932288695,178424815.16238993,1377708.3220058864,154742362.23010123
76,The Bourne Ultimatum,PG13,93.0,2007-08-03,110000000.0,69283690.0,227471070.0,2000,117471070.0,130864145.31074087,270616428.71336097,82425007.9620393,139752283.4026201
78,The Lord of the Rings: The Return of the King,PG13,94.0,2003-12-17,94000000.0,1764458.0,377845905.0,2000,283845905.0,126044227.42940778,506652076.4158554,2365954.7387408298,380607848.98644763
79,Dawn Of The Planet Of The Apes,PG13,90.0,2014-07-11,170000000.0,72611427.0,208545589.0,2010,38545589.0,177132757.4681051,217295619.04341254,75658013.46002366,40162861.575307414
81,Catch Me If You Can,PG13,96.0,2002-12-25,52000000.0,30082000.0,164615351.0,2000,112615351.0,71309453.78735232,225742899.32352468,41252519.01598332,154433445.53617233
83,The Fugitive,PG13,96.0,1993-08-06,44000000.0,23758855.0,183875760.0,1990,139875760.0,75131948.09925166,313976001.29614675,40569296.83540104,238844053.19689506
85,Doctor Strange,PG13,89.0,2016-11-04,165000000.0,1882494.3800017983,232641920.0,2010,67641920.0,169576929.72409314,239095166.7801097,1934712.831415547,69518237.05601655
86,Apollo 13,PG,95.0,1995-06-30,52000000.0,200645.0,173837933.0,1990,121837933.0,84174481.04214688,281398419.1483558,324792.0913211839,197223938.1062089
89,Jurassic Park,PG13,92.0,1993-06-11,63000000.0,21465353.88652017,402453882.0,1990,339453882.0,107575289.32392852,687207822.1537807,36653042.13941144,579632532.8298522
90,Wallace & Gromit: The Curse of the Were-Rabbit,G,95.0,2005-10-07,30000000.0,1321383.0,56110897.0,2000,26110897.0,37892400.249559656,70872552.2495272,1669012.4506321296,32980151.99996755
93,Spider-Man 2,PG13,93.0,2004-06-30,200000000.0,5309404.0,373585825.0,2000,173585825.0,261186623.1820677,487878100.50218445,6933726.509346815,226691477.32011676
94,Hero,PG13,95.0,2004-08-27,31000000.0,687653.0,53710019.0,2000,22710019.0,40483926.593220495,70141692.46827349,898028.8249550919,29657765.875052992
97,Drive,R,93.0,2011-09-16,15000000.0,11340461.0,35060689.0,2010,20060689.0,16449047.332582654,38447662.191597335,12435985.317487175,21998614.859014682
98,Raiders of the Lost Ark,PG,94.0,1981-06-12,18000000.0,1673731.0,248159971.0,1980,230159971.0,48831916.41462744,673229275.6293539,4540638.460698378,624397359.2147264
99,The Departed,R,91.0,2006-10-06,90000000.0,1228256.1992304404,132384315.0,2000,42384315.0,110124641.37735115,161986391.25956988,1502903.0384417847,51861749.882218726
100,Inside Out,PG,98.0,2015-06-19,175000000.0,1154722.0,356461711.0,2010,181461711.0,182126493.0363645,370977836.14955467,1201745.5330967822,188851343.1131902
101,Snow White and the Seven Dwarfs,G,98.0,1938-02-04,2000000.0,7514749.0,184925485.0,1930,182925485.0,35009201.647543654,3237046797.0674047,131542681.53583851,3202037595.4198613
103,Toy Story 2,G,100.0,1999-11-24,90000000.0,57388839.0,245852179.0,1990,155852179.0,133274561.00855471,364064902.5469068,84983025.82795139,230790341.5383521
104,Finding Nemo,G,99.0,2003-05-30,94000000.0,2111315.0,380843261.0,2000,286843261.0,126044227.42940778,510671219.19618416,2831053.9152672347,384626991.7667764
105,Pinocchio,G,100.0,1940-02-23,2600000.0,3769251.0,84254167.0,1940,81654167.0,45782705.54331534,1483609122.5224292,66371734.096864186,1437826416.979114
106,Finding Dory,PG,94.0,2016-06-17,200000000.0,135060273.0,486295561.0,2010,286295561.0,205547793.6049614,499784898.01718456,138806705.5941687,294237104.41222316
107,Toy Story,G,100.0,1995-11-22,30000000.0,2992465.2543516397,191796233.0,1990,161796233.0,48562200.601238586,310468238.05026317,4844023.265802026,261906037.44902462
108,Shaun the Sheep Movie,PG,99.0,2015-08-05,25000000.0,666509.93743099,19375982.0,2010,-5624018.0,26018070.433766354,20165026.575975563,693652.0998753882,-5853043.857790791
110,How to Train Your Dragon,PG,98.0,2010-03-26,165000000.0,43732319.0,217581231.0,2010,52581231.0,186651494.6882789,246132496.8622163,49470925.500209816,59481002.17393738
111,The Incredibles,PG,97.0,2004-11-05,92000000.0,70467623.0,261441092.0,2000,169441092.0,120145846.66375114,341424579.9025615,92026002.47518505,221278733.23881036
112,Beauty and the Beast,G,94.0,2017-03-17,160000000.0,6445619.996276299,504014165.0,2010,344014165.0,161095279.20732462,507464391.46950996,6489743.4560277825,346369112.26218534
114,My Life as a Zucchini ,PG13,98.0,2017-02-24,6143667.296786389,28472.0,292279.0,2010,-5851388.296786389,6185723.740829455,294279.7944464853,28666.90493494342,-5891443.94638297
115,101 Dalmatians,G,98.0,1996-11-27,75000000.0,45073479.0,136189294.0,1990,61189294.0,117948198.91616194,214177092.51951548,70884475.55913931,96228893.60335353
116,Fantasia,G,96.0,1941-07-21,2280000.0,6047613.0,76408097.0,1940,74128097.0,38193909.67741936,1279966647.1234636,101307888.0201698,1241772737.4460442
118,Monsters Inc.,G,96.0,2001-11-02,115000000.0,32236.0,289916256.0,2000,174916256.0,160204828.65960002,403878122.76619774,44907.503101485796,243673294.10659766
119,The Iron Giant,PG,96.0,1999-08-06,70000000.0,5732614.0,23159305.0,1990,-46840695.0,103657991.89554256,34294957.857091404,8489017.936461054,-69363034.03845115
120,Spirited Away,PG,97.0,2003-03-28,19000000.0,1052197.0,10055859.0,2000,-8944141.0,25477024.693178166,13483861.47653252,1410886.7868993678,-11993163.216645645
121,Song Of The Sea,PG,99.0,2014-12-10,4265593.561368209,21910.0,857522.0,2010,-3408071.5613682093,4444566.763313799,893501.3908797908,22829.286565448136,-3551065.3724340084
125,Waltz with Bashir,R,96.0,2008-06-12,1500000.0,58091.64226639955,2283276.0,2000,783276.0,1718575.8098372943,2615988.600521372,66556.59410183733,897412.7906840778
127,Antz,PG,96.0,1998-10-02,105000000.0,17195160.0,90757863.0,1990,-14242137.0,158889085.4575715,137337465.23955777,26020221.397110622,-21551620.218013726
128,Persepolis,PG13,96.0,2008-02-22,7300000.0,22723.10286677909,4443403.0,2000,-2856597.0,8363735.607874832,5090883.272772309,26034.249940860678,-3272852.3351025237
129,Anomalisa,R,91.0,2016-01-21,8000000.0,135222.0,3442820.0,2010,-4557180.0,8221911.7441984555,3538320.273895166,138972.91873425044,-4683591.47030329
130,Fantastic Mr. Fox,PG,93.0,2009-11-25,40000000.0,910150.5608541779,21002919.0,2000,-18997081.0,45990947.94837254,24148603.862322114,1046467.1767356644,-21842344.086050425
132,Ernest & Célestine,PG,97.0,2014-02-28,6953498.478922208,13078.0,292562.0,2010,-6660936.478922208,7245249.174245679,304837.1399434339,13626.71883628164,-6940412.034302245
133,The Secret World of Arrietty,G,94.0,2012-02-17,23000000.0,11152476.238497416,19202743.0,2010,-3797257.0,24710618.100750074,20630941.25042834,11981938.313356493,-4079676.850321736
135,Ghost in the Shell,R,96.0,2017-03-31,110000000.0,18676033.0,40533014.0,2010,-69466986.0,110753004.45503569,40810482.5465275,18803879.691376306,-69942521.9085082
136,Coraline,PG,90.0,2009-02-06,60000000.0,695126.7355505328,75286229.0,2000,15286229.0,68986421.92255881,86562125.97920638,799238.437805667,17575704.056647573
137,The Triplets of Belleville,PG13,94.0,2004-02-13,9500000.0,572207.0,7002255.0,2000,-2497745.0,12406364.601148216,9144476.690548748,747264.0704557071,-3261887.9105994683
139,Frozen,PG,89.0,2013-11-27,150000000.0,67391326.0,400738009.0,2010,250738009.0,158829040.42179856,424325556.2000806,71357997.60888404,265496515.778282
141,How to Train Your Dragon 2,PG,91.0,2014-06-13,145000000.0,49451322.0,177002924.0,2010,32002924.0,151083822.54632494,184429505.929632,51526170.742959835,33345683.383307062
143,April and the Extraordinary World ,PG,96.0,2016-04-08,12400000.0,11413.0,294313.0,2010,-12105687.0,12743963.203507606,302476.938896285,11729.584842067123,-12441486.264611322
144,James and the Giant Peach,PG,93.0,1996-04-12,38000000.0,135378.0,28934758.0,1990,-9065242.0,59760420.78418872,45504034.56233344,212901.21697162898,-14256386.221855277
145,The Little Mermaid,G,92.0,1989-11-17,40000000.0,9814520.0,111543479.0,1980,71543479.0,79592040.84980047,221949328.4274215,19528941.91902959,142357287.57762104
146,Big Hero 6,PG,89.0,2014-11-07,165000000.0,56215889.0,222527828.0,2010,57527828.0,171922970.4837491,231864516.3942836,58574561.3652407,59941545.910534516
147,Ponyo,G,92.0,2009-08-14,34000000.0,10930468.448858833,15090400.0,2000,-18909600.0,39092305.75611666,17350545.023003027,12567565.137069874,-21741760.73311364
148,A Bug's Life,G,92.0,1998-11-25,120000000.0,33258052.0,162798565.0,1990,42798565.0,181587526.23722458,246351572.44433343,50327061.584574826,64764046.20710885
150,Arthur Christmas,PG,92.0,2011-11-23,100000000.0,1361947.0053510412,46462469.0,2010,-53537531.0,109660315.55055103,50950890.11797695,1493515.3836992322,-58709425.432574086
152,The Little Prince,PG,93.0,2016-08-05,81200000.0,3113945.0,1339152.0,2010,-79860848.0,83452404.20361432,1376298.6945083563,3200322.6207860075,-82076105.50910597
153,Bolt,PG,89.0,2008-11-21,150000000.0,26223128.0,114053579.0,2000,-35946421.0,171857580.98372942,130673147.92984456,30044288.95937802,-41184433.05388488
155,The Wind Rises,PG13,89.0,2014-02-21,30000000.0,7893833.433940221,5209580.0,2010,-24790420.0,31258721.906136196,5428160.4155923,8225038.13616325,-25830561.4905439
156,Tangled,PG,89.0,2010-11-24,260000000.0,48767052.0,200821936.0,2010,-59178064.0,294117506.7815304,227174027.39753872,55166322.1050971,-66943479.38399169
157,The Simpsons Movie,PG13,88.0,2007-07-27,75000000.0,186382.0,183135014.0,2000,108135014.0,89225553.62095968,217870973.48709604,221733.8284664228,128645419.86613636
158,Shrek 2,PG,88.0,2004-05-19,150000000.0,644084.0,436471036.0,2000,286471036.0,195889967.38655078,570001980.0480936,841130.6250279945,374112012.6615428
159,Shrek,PG,88.0,2001-05-18,60000000.0,42347760.0,267665011.0,2000,207665011.0,83585127.99631305,372880236.7428257,58994048.999285765,289295108.74651265
161,Frankenweenie,PG,87.0,2012-10-05,39000000.0,11412213.0,35291068.0,2010,-3708932.0,41900613.30127186,37915830.59633051,12260992.918583276,-3984782.7049413556
163,The Peanuts Movie,G,87.0,2015-11-06,99000000.0,44213073.0,130178411.0,2010,31178411.0,103031558.91771476,135479642.65415138,46013553.89629014,32448083.73643663
165,Kung Fu Panda,PG,87.0,2008-06-06,130000000.0,30885.0,215434591.0,2000,85434591.0,148943236.8525655,246827117.79652753,35385.47592454989,97883880.94396202
167,Rango,PG,87.0,2011-03-04,135000000.0,1008377.2307692308,123477607.0,2010,-11522393.0,148041425.9932439,135405933.4704693,1105789.6532014466,-12635492.522774605
170,Wreck-it Ralph,PG,87.0,2012-11-02,165000000.0,49038712.0,189422889.0,2010,24422889.0,177271825.50538096,203511159.54868576,52685951.49498565,26239334.04330478
172,ParaNorman,PG,87.0,2012-08-17,60000000.0,14087050.0,56003051.0,2010,-3996949.0,64462482.001956716,60168261.11903607,15134770.118094407,-4294220.882920648
173,The Secret of Kells,G,91.0,2009-02-11,5041495.385092686,5495.229969751028,686383.0,2000,-4355112.385092686,5796578.795943952,789185.1206411947,6318.2708875789085,-5007393.675302758
174,Tarzan,G,88.0,2016-07-01,180000000.0,38527856.0,126643061.0,2010,-53356939.0,184993014.24446526,130156008.81964268,39596578.96564837,-54837005.42482258
175,Howl's Moving Castle,PG,87.0,2005-06-17,24000000.0,13272712.53330883,4711096.0,2000,-19288904.0,30313920.199647725,5950491.1748699825,16764497.856982836,-24363429.02477774
176,Kung Fu Panda 3,PG,86.0,2016-01-29,145000000.0,41282042.0,143528619.0,2010,-1471381.0,149022150.363597,147509954.77308568,42427163.24303673,-1512195.5905113085
179,Cloudy With a Chance of Meatballs,PG,87.0,2009-09-18,100000000.0,973530.062707488,124870275.0,2000,24870275.0,114977369.87093136,143572557.94559914,1119339.2610038985,28595188.074667774
180,The Pirates! Band of Misfits,PG,86.0,2012-04-27,55000000.0,11137734.0,31051126.0,2010,-23948874.0,59090608.50179365,33360544.18192484,11966099.625293022,-25730064.31986882
181,Captain Underpants: The First Epic Movie ,PG,86.0,2017-06-02,38000000.0,23851539.0,73921000.0,2010,35921000.0,38260128.8117396,74427025.83927903,24014814.592058707,36166897.027539425
182,The Princess and the Frog,G,85.0,2009-12-11,105000000.0,786190.0,104400899.0,2000,-599101.0,120726238.36447792,120037407.79180747,903940.5841882753,-688830.5726704485
184,Tim Burton's Corpse Bride,PG,84.0,2005-09-23,40000000.0,385078.0,53359111.0,2000,13359111.0,50523200.33274621,67396826.36575605,486384.3234433311,16873626.03300984
185,Mulan,G,86.0,1998-06-19,90000000.0,22745143.0,120620254.0,1990,30620254.0,136190644.67791843,182526112.8163808,34418618.76068271,46335468.13846234
186,Lilo & Stitch,PG,86.0,2002-06-21,80000000.0,35260212.0,145794338.0,2000,65794338.0,109706851.98054205,199932973.23208895,48353585.73358166,90226121.25154692
189,The Battle of Algiers ,NR,99.0,1967-09-20,800000.0,13536.0,55908.0,1960,-744092.0,5915619.286126967,413413.0538109831,100092.27832126828,-5502206.232315984
202,Let the Right One In,R,98.0,2008-12-12,4000000.0,49295.0,2122065.0,2000,-1877935.0,4582868.826232784,2431286.383934919,56478.129697286284,-2151582.4422978666
203,Things to Come ,PG13,100.0,2016-04-06,2100000.0,33090.0,282382.0,2010,-1817618.0,2158251.8328520944,290214.985268781,34007.88245194086,-1868036.8475833137
206,The Discreet Charm Of The Bourgeoisie ,PG,98.0,1972-10-22,800000.0,12864.0,198809.0,1970,-601191.0,4719056.197312152,1172738.5544142895,75882.42365277941,-3546317.642897863
207,Gloria,R,99.0,1990-02-16,18000000.0,63661.0,26830000.0,1990,8830000.0,33982080.498496614,50652178.87637023,120185.17925637739,16670098.377873616
209,A Separation,PG13,99.0,2011-03-16,500000.0,100000.0,7098492.0,2010,6598492.0,548301.5777527551,7784228.726530621,109660.31555055104,7235927.148777866
222,Truman,NR,100.0,2017-04-07,3579502.637528259,18258.0,208799.0,2010,-3370703.637528259,3604006.105099811,210228.33252006362,18382.985048545834,-3393777.7725797477
229,The Handmaiden ,NR,95.0,2016-06-01,8388628.375374343,92129.0,2005473.0,2010,-6383155.375374343,8621320.269650841,2061102.7514216139,94684.56338515745,-6560217.5182292275
237,Waste Land,NR,100.0,2011-01-21,1500000.0,8656.0,187716.0,2010,-1312284.0,1644904.7332582655,205849.9579388724,9492.196914055698,-1439054.775319393
239,Poetry,NR,100.0,2011-02-11,1154221.7881559087,18900.0,355044.0,2010,-799177.7881559087,1265723.2550449823,389342.37074329844,20725.79963905415,-876380.8843016837
240,Sex Lies and Videotape,R,98.0,1989-09-22,1200000.0,37684.54458901936,24741700.0,1980,23541700.0,2387761.2254940136,49231059.927337706,74984.74530838389,46843298.70184369
257,Maria Full of Grace,R,97.0,2004-08-06,3000000.0,139066.0,6517198.0,2000,3517198.0,3917799.3477310156,8511024.691144627,181610.89469718712,4593225.343413611
258,An Education,PG13,95.0,2010-02-05,2881106.344836417,159017.0,12574715.0,2010,9693608.655163582,3259168.518906674,14224783.93957043,179883.39836876394,10965615.420663755
262,Band of Outsiders ,NR,96.0,1964-08-05,120000.0,13252.0,37651.0,1960,-82349.0,954334.6586830376,299430.45195062546,105390.35747389679,-654904.2067324123
266,Amour,PG13,93.0,2012-09-20,8900000.0,165414.7358665431,6739492.0,2010,-2160508.0,9561934.830290247,7240739.695872188,177717.407227591,-2321195.134418058
268,Graduation ,R,95.0,2016-05-20,2000000.0,67120.5496564647,175975.0,2010,-1824025.0,2055477.9360496139,180856.3648981654,68982.40443719285,-1874621.5711514486
271,The Wizard of Oz,G,99.0,1939-08-25,2800000.0,3093998.0,22202612.0,1930,19402612.0,49658947.88487932,393770840.0772129,54873101.94211459,344111892.19233364
272,Citizen Kane,PG,100.0,1941-09-05,839727.0,216239.0,1585634.0,1940,745907.0,14066867.18933786,26562088.49887946,3622374.050322581,12495221.309541598
274,All About Eve,PG,100.0,1950-10-27,1400000.0,10177.0,10177.0,1950,-1389823.0,14349166.202998731,104308.18889137007,104308.18889137007,-14244858.014107361
275,Modern Times,G,100.0,1936-02-25,1500000.0,11507.0,163245.0,1930,-1336755.0,26682944.705124293,2903904.8722586767,204693.76314791015,-23779039.832865614
278,Casablanca,PG,97.0,1943-01-23,950000.0,181494.0,1024560.0,1940,74560.0,13538885.895722462,14601474.666654112,2586554.2702718447,1062588.7709316493
281,A Hard Day's Night,G,98.0,1964-07-07,560000.0,50445.0,13780024.0,1960,13220024.0,4453561.740520842,109589620.8390339,401178.432143882,105136059.09851307
285,Rear Window,PG,100.0,1954-09-01,1000000.0,15172.0,36764313.0,1950,35764313.0,9186927.374301676,337751073.497095,139384.06212290502,328564146.1227933
291,Touch of Evil,PG13,96.0,1958-02-01,829000.0,70725.0,2237659.0,1950,1408659.0,7085946.32481501,19126576.076283753,604527.8091948632,12040629.75146874
292,Vertigo,PG,97.0,1958-07-21,2479000.0,1486818.0,3200000.0,1950,721000.0,21189458.31027311,27352265.668767225,12708700.292845361,6162807.358494116
293,Frankenstein,NR,100.0,1994-11-04,45000000.0,11212889.0,22006296.0,1990,-22993704.0,74886861.1907573,36621831.863882616,18659956.935341544,-38265029.32687468
304,Gone With the Wind,G,93.0,1940-01-17,3977000.0,1192593.0,198676459.0,1940,194699459.0,70029930.7483712,3498440700.3021393,21000051.59693041,3428410769.553768
312,Invasion of the Body Snatchers,PG,98.0,1978-12-22,3500000.0,1298129.0,24946533.0,1970,21446533.0,13234667.859644083,94331165.287043,4908658.901134833,81096497.42739892
321,Mean Streets,R,98.0,1973-10-14,500000.0,32645.0,32645.0,1970,-467355.0,2777804.054054054,181362.8266891892,181362.8266891892,-2596441.227364865
322,The Manchurian Candidate,PG13,98.0,2004-07-30,80000000.0,20018620.0,65955630.0,2000,-14044370.0,104474649.27282707,86133641.3977294,26142978.792825025,-18341007.87509768
326,The Day the Earth Stood Still,G,94.0,2008-12-12,80000000.0,26609.0,79366978.0,2000,-633022.0,91657376.5246557,90932112.32712582,30486.389149307044,-725264.1975298824
329,One Flew Over the Cuckoo's Nest,R,95.0,1975-11-19,4400000.0,99761.0,112000000.0,1970,107600000.0,20167425.207793906,513352641.65293574,457255.1150351654,493185216.44514185
335,Night of the Living Dead,R,96.0,1968-10-04,114000.0,5452.0,89029.0,1960,-24971.0,808440.8050607035,631356.8108223629,38663.32692272768,-177083.99423834062
338,Get Out,R,99.0,2017-02-24,5000000.0,33377060.0,175484140.0,2010,170484140.0,5034227.4752288945,176685415.8109828,33605542.49887267,171651188.33575392
339,The Big Sick,R,98.0,2017-07-14,5000000.0,7529590.0,42872467.0,2010,37872467.0,5034227.4752288945,43165950.26044882,7581133.771041747,38131722.78521993
341,La La Land,PG13,92.0,2016-12-25,30000000.0,9242782.0,151101803.0,2010,121101803.0,30832169.040744208,155293211.0819077,9499167.23435826,124461042.04116347
343,Love & Friendship,PG,98.0,2016-06-03,3000000.0,133513.0,14013564.0,2010,11013564.0,3083216.9040744207,14402285.803709585,137216.51283789607,11319068.899635164
344,Before Midnight,R,98.0,2013-06-14,3000000.0,246914.0,8114627.0,2010,5114627.0,3176580.8084359714,8592256.131938787,261447.42457805318,5415675.323502816
346,The Artist,PG13,96.0,2012-01-20,15000000.0,46560.086499845536,44671682.0,2010,29671682.0,16115620.500489179,47994124.94870224,50022.978966764014,31878504.448213052
348,Logan Lucky,PG13,93.0,2017-08-18,29000000.0,7600036.0,27780977.0,2010,-1219023.0,29198519.35632759,27971151.540420398,7652062.008785742,-1227367.8159071908
349,Birdman,R,91.0,2014-11-14,18000000.0,2471471.0,42340598.0,2010,24340598.0,18755233.14368172,44117099.27405021,2575167.4896026775,25361866.130368497
350,Paddington,PG,98.0,2015-01-16,55000000.0,3431093.047845625,76223578.0,2010,21223578.0,57239754.95428598,79327616.84470734,3570816.8233461417,22087861.890421364
352,Big,PG,97.0,1988-06-03,18000000.0,759632.9820210787,114968774.0,1980,96968774.0,37545278.00367706,239807476.7539955,1584479.5272635345,202262198.75031844
353,Spy,R,94.0,2015-06-05,65000000.0,2855570.0,110825712.0,2010,45825712.0,67646983.12779252,115338847.22753222,2971856.855542008,47691864.099739686
354,The Grand Budapest Hotel,R,92.0,2014-03-28,25000000.0,920982.7492937429,59100318.0,2010,34100318.0,26048934.921780165,61580013.49754052,959624.7880173955,35531078.57576035
355,The Nice Guys,R,92.0,2016-05-20,50000000.0,11203270.0,36261763.0,2010,-13738237.0,51386948.40124035,37267626.88438013,11514037.14830328,-14119321.516860219
356,Before Sunrise,R,100.0,1995-01-27,2500000.0,1423537.0,5535405.0,1990,3035405.0,4046850.0501032155,8960381.600636637,2304336.3119095126,4913531.55053342
358,Monty Python's Life of Brian,R,97.0,1979-08-17,4000000.0,26376.0,20045115.0,1970,16045115.0,13595260.075783672,68129637.91849811,89647.14493971755,54534377.84271443
360,Sideways,R,96.0,2005-01-21,12000000.0,207042.0,71503593.0,2000,59503593.0,15156960.099823862,90314758.84125373,261510.61108231102,75157798.74142988
361,Amadeus,R,95.0,1984-09-19,18000000.0,86764.0,51973029.0,1980,33973029.0,42740657.8029009,123408969.30384694,206019.46853393855,80668311.50094603
363,Tangerine,R,97.0,2015-07-10,100000.0,74934.0,701837.0,2010,601837.0,104072.28173506542,730417.7799609312,77985.52359535392,626345.4982258657
364,The Player,R,98.0,1992-05-08,8000000.0,302216.0,21706100.0,1990,13706100.0,14063560.989651132,38158132.64968331,531279.1435060509,24094571.660032175
365,What We Do In The Shadows,R,96.0,2015-02-13,1600000.0,200108.0,3333000.0,2010,1733000.0,1665156.5077610468,3468729.1502297306,208256.96153440472,1803572.6424686837
367,Sense and Sensibility,PG,98.0,1996-01-26,16000000.0,3355517.6314038592,43182776.0,1990,27182776.0,25162282.435447883,67911075.37866752,5277030.147406813,42748792.94321964
368,The Edge of Seventeen,R,95.0,2016-11-18,9000000.0,4754215.0,14260193.0,2010,5260193.0,9249650.712223262,14655756.037654577,4886092.017868058,5406105.325431313
369,Moonrise Kingdom,PG13,93.0,2012-06-29,16000000.0,522996.0,45512466.0,2010,29512466.0,17189995.20052179,48897442.00649445,561893.6706182559,31707446.80597266
371,Brazil,R,98.0,1985-12-18,15000000.0,30099.0,9929135.0,1980,-5070865.0,34397598.37793691,22769226.531354435,69022.2209051682,-11628371.846582467
372,Repo Man,R,98.0,1984-03-02,1500000.0,95300.0,3569083.0,1980,2069083.0,3561721.483575075,8474719.73184172,226288.03825646976,4912998.248266645
373,Enough Said,PG13,95.0,2013-10-11,8000000.0,232800.0,17536788.0,2010,9536788.0,8470882.155829256,18569008.06747008,246502.6707346314,10098125.911640823
374,Lost In Translation,R,95.0,2003-10-03,4000000.0,167255.0,44585453.0,2000,40585453.0,5363584.145932246,59784457.212501824,224271.56658197442,54420873.06656958
375,The Truman Show,PG,94.0,1998-06-05,60000000.0,31542121.0,125618201.0,1990,65618201.0,90793763.11861229,190089153.08300376,47730464.37221011,99295389.96439147
376,Broadcast News,R,98.0,1987-12-25,20000000.0,197542.0,51249404.0,1980,31249404.0,43418085.80858086,111257551.02553137,428844.77533993404,67839465.21695049
377,Manhattan,R,96.0,2011-05-06,150000000.0,3319303.16135713,181030624.0,2010,31030624.0,164490473.32582656,198518753.52153158,3639958.320823645,34028280.19570503
379,Le Havre,PG,99.0,2011-09-08,2760450.2760450277,26363.0,611709.0,2010,-2148741.2760450277,3027118.4833270344,670802.0196511203,28909.74898859177,-2356316.4636759143
380,Groundhog Day,PG,96.0,1993-02-12,14600000.0,14652108.0,70906973.0,1990,56306973.0,24930146.41475169,121076795.80252361,25019123.131832507,96146649.38777193
381,Hairspray,PG,98.0,2007-07-20,75000000.0,994803.0730331616,118871849.0,2000,43871849.0,89225553.62095968,141418753.826295,1183491.399136211,52193200.20533529
383,Man on Wire,PG13,100.0,2008-08-29,549752.6113249038,51392.0,2957978.0,2000,2408225.3886750964,629861.0261452426,3389006.2912206003,58880.698679438814,2759145.265075358
386,20 Feet From Stardom,PG13,99.0,2013-07-26,1000000.0,54596.0,4946445.0,2010,3946445.0,1058860.269478657,5237594.085661357,57809.53527245677,4178733.816182699
389,Taxi to the Dark Side,R,100.0,2009-01-23,1000000.0,13656.0,274661.0,2000,-725339.0,1149773.6987093135,315797.9938611988,15701.309629574385,-833975.7048481148
392,Murderball,R,98.0,2005-08-05,1750211.0,57286.0,1523883.0,2000,-226328.0,2210656.524439402,1924786.1523166571,72356.80135654248,-285870.3721227446
397,Deliver Us from Evil,NR,100.0,2014-07-02,30000000.0,9740471.0,30577122.0,2010,577122.0,31258721.906136196,31860058.442933302,10149155.807459477,601336.5367971045
398,Inside Job,PG13,98.0,2010-11-12,2000000.0,39649.0,4312735.0,2010,2312735.0,2262442.359857926,4878657.175420937,44851.78856300346,2616214.8155630105
403,The Square ,NR,100.0,2014-01-10,1500000.0,16359.0,124244.0,2010,-1375756.0,1562936.0953068098,129456.9548168662,17045.38105541607,-1433479.1404899436
417,The Act Of Killing,NR,96.0,2012-11-08,1000000.0,27450.0,486919.0,2010,-513081.0,1074374.7000326118,523133.45456517936,29491.5855158952,-551241.2454674327
427,Bowling for Columbine,R,96.0,2002-11-15,4000000.0,209148.0,21244913.0,2000,17244913.0,5485342.599027102,29133906.572881166,286812.1084753301,23648563.97385407
434,March of the Penguins,G,94.0,2005-07-22,8000000.0,65268.0,77437223.0,2000,69437223.0,10104640.066549242,97809408.27101356,82438.70598294199,87704768.20446432
452,Blindsight,PG,98.0,2008-08-08,105000.0,7127.0,88283.0,2000,-16717.0,120300.3066886106,101147.35214657724,8165.5265311402645,-19152.954542033367
456,Sicko,PG13,92.0,2007-07-03,9000000.0,68969.0,24540079.0,2000,15540079.0,10707066.434515161,29194695.12902782,82050.62943578625,18487628.69451266
463,Surfwise,R,98.0,2008-05-09,127000.0,10304.0,268560.0,2000,141560.0,145506.0852328909,307693.8129932692,11805.470096375655,162187.72776037824
469,The Godfather,R,99.0,1972-03-24,6000000.0,5555.3424131977745,134966411.0,1970,128966411.0,35392921.47984114,796142597.8231612,32769.966303990004,760749676.3433201
470,Moonlight,R,98.0,2016-11-18,1500000.0,1488740.0,27850912.0,2010,26350912.0,1541608.4520372103,28623467.557429712,1530036.1112572511,27081859.1053925
471,Spotlight,R,97.0,2015-11-20,20000000.0,295009.0,45055776.0,2010,25055776.0,20814456.347013082,46890574.13663999,307022.5976237991,26076117.789626904
473,12 Years a Slave,R,96.0,2013-11-08,20000000.0,923715.0,56671993.0,2010,36671993.0,21177205.389573142,60007721.779872574,978085.1138214779,38830516.39029943
476,Selma,PG13,99.0,2015-01-09,20000000.0,11307394.0,52076908.0,2010,32076908.0,20814456.347013082,54197626.41267082,11767862.940573882,33383170.065657742
478,Argo,R,96.0,2012-10-12,44500000.0,19458109.0,136025503.0,2010,91525503.0,47809674.15145123,146142358.98241016,20905300.020076867,98332684.83095892
479,Arrival,PG13,94.0,2016-11-11,47000000.0,24000000.0,100546139.0,2010,53546139.0,48303731.497165926,103335185.1347388,24665735.232595365,55031453.63757287
480,Hell or High Water,R,98.0,2016-08-26,12000000.0,621329.0,26862450.0,2010,14862450.0,12332867.616297683,27607586.641617976,638564.0252638853,15274719.025320293
482,Bicycle Thieves ,NR,98.0,1949-12-13,133000.0,25010.0,332930.0,1940,199930.0,1377961.9322895291,3449359.8956176913,259119.00696662502,2071397.9633281622
484,The Babadook,NR,98.0,2014-11-28,2000000.0,559147.0,924279.0,2010,-1075721.0,2083914.7937424132,963059.3408227221,582607.3525883445,-1120855.4529196913
485,Manchester by the Sea,R,95.0,2016-12-16,8500000.0,4223828.0,47695120.0,2010,39195120.0,8735781.228210859,49018133.40861933,4340992.629834284,40282352.18040847
486,The Wrestler,R,98.0,2009-01-30,6000000.0,202714.0,26236603.0,2000,20236603.0,6898642.192255881,30166156.072877873,233075.22556015977,23267513.880621992
487,L.A. Confidential,R,99.0,1997-09-19,35000000.0,5211198.0,64616940.0,1990,29616940.0,53785162.48493715,99298074.77655527,8008146.604890844,45512912.29161813
488,Brooklyn,PG13,96.0,2015-11-25,11000000.0,187281.0,38317535.0,2010,27317535.0,11447950.990857197,39877932.9791323,194907.60995624788,28429981.988275103
490,Creed,PG13,95.0,2015-11-25,35000000.0,29632823.0,109767581.0,2010,74767581.0,36425298.60727289,114237626.15208615,30839555.038613264,77812327.54481325
491,Whiplash,R,94.0,2014-10-15,3300000.0,135388.0,13092000.0,2010,9792000.0,3438459.4096749816,13641306.239837836,141068.52804759893,10202846.830162855
492,The Social Network,PG13,96.0,2010-10-01,40000000.0,22445653.0,96962694.0,2010,56962694.0,45248847.19715852,109686253.11577098,25390998.070936073,64437405.91861247
493,Room,R,94.0,2016-01-22,13000000.0,1335563.0,14677654.0,2010,1677654.0,13360606.58432249,15084796.97498518,1372610.1393521153,1724190.3906626895
494,Nightcrawler,R,95.0,2014-10-31,8500000.0,10900000.0,32381218.0,2010,23881218.0,8856637.873405255,33739849.61479906,11357335.625896152,24883211.7413938
496,Carol,R,94.0,2016-01-15,11800000.0,253510.0,12711491.0,2010,911491.0,12127319.822692722,13064094.642396621,260542.10578396881,936774.8197038993
497,Mud,PG13,98.0,2013-05-10,10000000.0,2215460.0,21590086.0,2010,11590086.0,10588602.694786571,22860884.280027386,2345862.572619186,12272281.585240811
498,Mr. Turner,R,97.0,2014-10-31,5125320.332520782,109000.0,3958546.0,2010,-1166774.332520782,5340365.431804421,4124636.2855549273,113573.35625896152,-1215729.1462494938
500,It Follows,R,97.0,2015-03-27,2000000.0,160089.0,14673301.0,2010,12673301.0,2081445.6347013083,15270839.156554172,166608.2751068489,13189393.521852862
501,Pan's Labyrinth,R,95.0,2007-01-19,10410240.592227021,1191635.564466379,37634615.0,2000,27224374.40777298,12384793.06891791,44772924.78248898,1417657.9060524993,32388131.713571075
502,Evil Dead 2: Dead by Dawn,R,98.0,1987-03-13,3600000.0,807260.0,5923044.0,1980,2323044.0,7815255.445544555,12858361.632000001,1752484.1974917492,5043106.186455445
503,The Witch,R,91.0,2016-02-19,3500000.0,8800230.0,25138292.0,2010,21638292.0,3597086.388086824,25835602.277986262,9044339.298580946,22238515.889899436
504,The Cabin in the Woods,R,92.0,2012-04-13,30000000.0,14743614.0,42073277.0,2010,12073277.0,32231241.000978358,45202464.35626399,15840165.868646618,12971223.355285633
505,The Silence of the Lambs,R,95.0,1991-02-14,19000000.0,13766814.0,130742922.0,1990,111742922.0,34412612.119093776,236800287.47910172,24934317.384089995,202387675.36000794
506,The Innocents,NR,96.0,2016-02-10,5346640.527535198,127112.0,1063893.0,2010,-4282747.527535198,5494950.818168635,1093404.293908816,130637.95570356927,-4401546.524259819
508,Cat People,R,93.0,1982-04-02,18000000.0,1617636.0,7000000.0,1980,-11000000.0,46010797.92746114,17893088.082901556,4134929.0620103627,-28117709.844559584
509,Drag Me to Hell,PG13,92.0,2009-05-29,30000000.0,1180526.608910891,42100625.0,2000,12100625.0,34493210.96127941,48406191.324223794,1357338.4455522385,13912980.362944387
519,Green Room,R,90.0,2016-05-13,5000000.0,87984.0,3219029.0,2010,-1780971.0,5138694.840124034,3308321.5425019264,90424.58536269462,-1830373.2976221086
520,Re-Animator,R,94.0,1985-10-18,900000.0,543728.0,2023414.0,1980,1123414.0,2063855.9026762142,4640038.808286321,1246862.4913892585,2576182.9056101074
521,Train to Busan ,NR,95.0,2016-07-20,8754037.79993522,284776.0,2129768.0,2010,-6624269.79993522,8996865.774555575,2188845.566452257,292675.39235823246,-6808020.208103317
522,A Nightmare on Elm Street,R,94.0,1984-11-16,1800000.0,1271000.0,25504513.0,1980,23704513.0,4274065.78029009,60559981.25347986,3017965.3370826137,56285915.47318977
524,Shaun of the Dead,R,92.0,2004-09-24,2218401.641617215,889251.8440463647,13542874.0,2000,11324472.358382786,2897084.1681777793,17686087.641201112,1161303.4315244835,14789003.47302333
525,Dracula,NR,91.0,1992-11-13,40000000.0,30521679.0,82522790.0,1990,42522790.0,70317804.94825567,145070536.2751466,53655436.765381776,74752731.32689092
526,Zombieland,R,90.0,2009-10-02,23600000.0,24733155.0,75590286.0,2000,51990286.0,27134659.2895398,86911722.72071484,28437531.105100755,59777063.43117504
528,It Comes At Night,R,88.0,2017-06-09,5000000.0,5988370.0,13985117.0,2010,8985117.0,5034227.4752288945,14080852.04913814,6029363.357167291,9046624.573909245
531,Raw,R,90.0,2017-03-15,3292568.203198495,48468.0,508425.0,2010,-2784143.203198495,3315107.46252138,511905.42081865016,48799.78745387882,-2803202.041702729
532,Dawn of the Dead,R,93.0,2004-03-19,26000000.0,26722575.0,59020957.0,2000,33020957.0,33954261.0136688,77077422.2790201,34897895.63489772,43123161.2653513
534,The Fly,R,91.0,1986-08-15,15000000.0,7007423.0,40456565.0,1980,25456565.0,33756876.76841995,91045818.61190477,15769914.311679441,57288941.84348483
536,The Wicker Man,R,90.0,1974-08-07,210419.99831664003,5493.0,60891.0,1970,-149528.99831664003,1052643.3780958478,304612.2443133082,27479.185068614443,-748031.1337825395
538,Don't Breathe,R,87.0,2016-08-26,9900000.0,26411706.0,89210468.0,2010,79310468.0,10174615.78344559,91685074.31933008,27144339.4682146,81510458.53588447
539,Little Shop of Horrors,PG13,90.0,1986-12-19,25000000.0,3659884.0,38747385.0,1980,13747385.0,56261461.280699916,87199380.03623492,8236416.878314125,30937918.75553499
540,The Blair Witch Project,R,87.0,1999-07-30,60000.0,29207381.0,140539099.0,1990,140479099.0,88849.70733903648,208114296.93069792,43251120.89982891,208025447.22335887
541,The Shining,R,87.0,1980-06-13,19000000.0,622337.0,44017374.0,1980,25017374.0,56871809.08309725,131755141.60354152,1862812.1604919734,74883332.52044426
542,An American Werewolf in London,R,90.0,1981-08-21,10000000.0,3786512.0,30565292.0,1980,20565292.0,27128842.4525708,82920099.11848228,10272368.749276876,55791256.66591147
544,The Conjuring,R,86.0,2013-07-19,20000000.0,41855326.0,137400141.0,2010,117400141.0,21177205.389573142,145487550.3256655,44318941.76747704,124310344.93609235
545,The Dead Zone,R,90.0,1983-10-21,10000000.0,4556083.0,20766000.0,1980,10766000.0,24765963.85542169,51429000.54216868,11283578.69003012,26663036.68674699
546,Misery,R,89.0,1990-11-30,20000000.0,10076834.0,61276872.0,1990,41276872.0,37757867.22055179,115684199.8333374,19023988.00877709,77926332.61278561
547,Let Me In,R,87.0,2010-10-01,20000000.0,5147479.0,12134420.0,2010,-7865580.0,22624423.59857926,13726712.910153609,5822937.268039559,-8897710.688425653
548,Poltergeist,PG,88.0,1982-06-04,10700000.0,6896612.0,76606280.0,1980,65906280.0,27350863.212435234,195817559.3919171,17628812.28422798,168466696.1794819
549,28 Days Later,R,87.0,2003-06-27,8000000.0,2401663.0,45064915.0,2000,37064915.0,10727168.291864492,60427365.907946065,3220380.397668019,49700197.61608157
552,The Orphanage,R,87.0,2008-01-11,2299316.967606682,3548642.7267194157,7161284.0,2000,4861967.032393318,2634367.0131181898,8204806.299849906,4065741.0319300294,5570439.286731715
555,Donnie Darko: The Director's Cut,R,91.0,2001-10-26,4500000.0,23871.763255240443,194220.0,2000,-4305780.0,6268884.599723479,270565.05932406534,33255.40645311592,-5998319.540399414
558,Chronicle,PG13,85.0,2012-02-03,12000000.0,1389867.5454718296,64575175.0,2010,52575175.0,12892496.400391342,69377934.27017842,1493238.5272513595,56485437.86978708
560,The Descent,R,85.0,2006-08-04,1832652.6337836424,298905.64457011205,26024456.0,2000,24191803.366216358,2242446.8229409074,31843709.822673935,365743.07682166196,29601262.999733027
561,The Omen,R,86.0,1976-06-25,2800000.0,4273886.0,4273886.0,1970,1473886.0,12136591.595380677,18525146.038291123,18525146.038291123,6388554.442910445
563,Slither,R,86.0,2006-03-31,15500000.0,3880270.0,7774730.0,2000,-7725270.0,18965910.4594327,9513215.033952592,4747926.024414381,-9452695.425480107
564,Ginger Snaps,R,89.0,2001-05-11,5000000.0,19079.494956619877,2554.0,2000,-4997446.0,6965427.333026087,3557.9402817097257,26579.3671342347,-6961869.392744378
565,This Is the End,R,82.0,2013-06-12,32000000.0,20719162.0,101470202.0,2010,69470202.0,33883528.623317026,107442765.43377377,21938697.458691955,73559236.81045675
566,A Field in England,NR,88.0,2013-07-05,211938.2964453387,9498.0,30716.0,2010,-181222.2964453387,224413.04168695887,32523.952037306437,10057.054839508286,-191889.08964965242
570,Grindhouse,R,83.0,2007-04-06,53000000.0,11596613.0,25031037.0,2000,-27968963.0,63052724.55881151,29778775.12042301,13796189.534040242,-33273949.4383885
571,Gremlins,PG,84.0,1984-06-08,11000000.0,12511000.0,148170000.0,1980,137170000.0,26119290.87955055,351826848.1475459,29707131.654005174,325707557.26799536
573,Paranormal Activity,R,83.0,2009-10-16,15000.0,19617650.0,107918810.0,2000,107903810.0,17246.605480639704,124082209.33400765,22555858.000484765,124064962.72852701
574,The Thing,R,83.0,1982-06-25,15000000.0,3107897.0,13782838.0,1980,-1217162.0,38342331.606217615,35231076.33805182,7944267.824797928,-3111255.2681658035
576,The House of the Devil,R,86.0,2012-05-04,900000.0,25195.0,100659.0,2010,-799341.0,966937.2300293507,108145.48293058269,27068.870567321657,-858791.7470987681
577,Dracula: Pages From a Virgin's Diary,NR,87.0,2003-12-12,1216730.0380228139,4784.0,39659.0,2000,-1177071.0380228139,1631508.4854546757,53178.59591088174,6414.846638534966,-1578329.889543794
578,E.T. The Extra-Terrestrial,PG,98.0,1982-06-11,10500000.0,14223110.0,435110554.0,1980,424610554.0,26839632.124352332,1112210209.7888706,36356480.00611399,1085370577.664518
580,Hugo,PG,94.0,2011-11-23,150000000.0,1321700.0074923204,73864507.0,2010,-76135493.0,164490473.32582656,81000051.45605887,1449380.3988477353,-83490421.8697677
581,The Straight Story,G,96.0,1999-11-03,10000000.0,92312.0,6203044.0,1990,-3796956.0,14808284.556506079,9185644.06685277,136698.23639801893,-5622640.48965331
582,Enchanted,PG,93.0,2007-11-21,85000000.0,34440317.0,127807262.0,2000,42807262.0,101122294.10375431,152048982.7830539,40972751.34941799,50926688.6792996
583,Queen of Katwe,PG,93.0,2016-09-30,15000000.0,304933.0,8805918.0,2010,-6194082.0,15416084.520372104,9050185.077831073,313391.5267367085,-6365899.442541032
584,Harry Potter and the Prisoner of Azkaban,PG,91.0,2004-06-04,130000000.0,1517007.0,249358727.0,2000,119358727.0,169771305.068344,325645819.3305455,1981109.678367795,155874514.26220146
585,A Monster Calls,PG13,87.0,2017-01-06,43000000.0,30909.0,3730982.0,2010,-39269018.0,43294356.2869685,3756522.418796891,31120.587406369985,-39537833.8681716
588,Spy Kids,PG,93.0,2001-03-30,35000000.0,799738.548273432,112719001.0,2000,77719001.0,48757991.331182614,157027202.10335898,1114104.1486836732,108269210.77217637
590,Harry Potter and the Goblet of Fire,PG13,88.0,2005-11-18,150000000.0,8709337.493439086,290013036.0,2000,140013036.0,189462001.24779826,366309667.92339844,11000590.073663017,176847666.67560017
591,That Thing You Do!,PG,93.0,1996-10-04,26000000.0,6208595.0,25809813.0,1990,-190187.0,40888708.95760281,40589612.7695059,9763901.307331847,-299096.18809690786
592,L'Heure d'été ,NR,93.0,2009-06-05,3145103.6454610433,36354.4983455079,1641025.0,2000,-1504078.6454610433,3616157.4512658897,1886807.3839244514,41799.446027436235,-1729350.067341438
593,Pete's Dragon,PG,87.0,2016-08-12,65000000.0,773284.9982098102,76204454.0,2010,11204454.0,66803032.92161245,78318286.91285388,794735.1260492151,11515253.991241422
597,Duma,PG,93.0,2005-05-27,12000000.0,105422.0,860002.0,2000,-11139998.0,15156960.099823862,1086251.33331406,133156.42063696927,-14070708.766509803
598,A Christmas Story,PG,89.0,1983-11-18,3300000.0,2072473.0,19294144.0,1980,15994144.0,8172768.072289157,47783807.29253013,5132679.140933735,39611039.220240965
600,Harry Potter and the Half-Blood Prince,PG,84.0,2009-07-15,250000000.0,12035357.381835878,301959197.0,2000,51959197.0,287443424.6773284,347184742.79398423,13837937.372201879,59741318.11665587
601,Pee-wee's Big Adventure,PG,89.0,1985-08-09,6000000.0,99184.0,40900000.0,1980,34900000.0,13759039.35117476,93790784.91050796,227446.0931678196,80031745.55933319
604,Freaky Friday,PG,88.0,2003-08-06,26000000.0,22203007.0,110230332.0,2000,84230332.0,34863296.9485596,147807415.279012,29771924.08430567,112944118.33045238
605,The Karate Kid,PG,88.0,1984-06-22,8000000.0,5031753.0,90815558.0,1980,82815558.0,18995847.9124004,215639815.9809722,11947801.840095555,196643968.0685718
606,Cinderella,PG,84.0,2015-03-13,95000000.0,2611209.0,201151353.0,2010,106151353.0,98868667.64831215,209342802.808056,2717544.7871713843,110474135.15974383
608,Once,R,97.0,2007-06-15,134680.13468013468,18692.132557551227,9439923.0,2000,9305242.865319865,160225.46104773905,11230431.410856407,22237.545010718313,11070205.949808668
610,What's Love Got To Do With It?,R,96.0,1993-06-25,15000000.0,1071342.536202463,39100956.0,1990,24100956.0,25613164.124744885,66766613.5641619,1829364.8142382752,41153449.439417005
615,Love & Mercy,PG13,91.0,2015-06-19,10000000.0,2122177.0,12547189.0,2010,2547189.0,10407228.173506541,13058145.885911137,2208598.0263567595,2650917.712404595
622,The Full Monty,R,95.0,1997-09-19,3500000.0,2914175.0,45950122.0,1990,42450122.0,5378516.248493715,70612422.227791,4478267.882415478,65233905.97929729
623,Pina,PG,95.0,2011-02-24,2347730.897491663,354240.97433666815,3524826.0,2010,1177095.1025083368,2574529.110467142,3865335.314207866,388461.7702669368,1290806.2037407244
624,Crazy Heart,R,91.0,2010-02-05,7000000.0,82664.0,39462438.0,2010,32462438.0,7918548.2595027415,44640745.677233554,93511.26761764781,36722197.41773081
625,Funny Girl,G,93.0,1968-09-19,14100000.0,65560.0,223306.0,1960,-13876694.0,99991362.73119228,1583593.705393732,464924.37876999757,-98407769.02579856
627,Lagaan: Once Upon a Time in India,PG,95.0,2002-05-08,6000000.0,62809.46810706668,70147.0,2000,-5929853.0,8228013.898540653,96195.08182348855,86132.86275748175,-8131818.8167171655
631,Hedwig and the Angry Inch,R,93.0,2001-08-31,6000000.0,156724.0,3029081.0,2000,-2970919.0,8358512.799631305,4219768.718269999,218329.9266682361,-4138744.081361306
634,Dave Chappelle's Block Party,R,92.0,2006-03-03,3000000.0,6214723.0,11694528.0,2000,8694528.0,3670821.379245038,14309507.800859908,7604379.351495287,10638686.421614869
637,The Sapphires,PG13,91.0,2012-08-09,10000000.0,38372.0,2448455.0,2010,-7551545.0,10743747.00032612,2630558.106168349,41225.905989651386,-8113188.89415777
640,Straight Outta Compton,R,87.0,2015-08-14,28000000.0,56100000.0,161197785.0,2010,133197785.0,29140238.885818318,167762212.95588502,58384550.0533717,138621974.07006672
643,Florence Foster Jenkins,PG13,87.0,2016-08-12,29000000.0,6601313.0,27370107.0,2010,-1629893.0,29804430.072719403,28129325.522908546,6784426.6102287425,-1675104.5498108566
649,Sweeney Todd: The Demon Barber of Fleet Street,R,86.0,2007-12-21,50000000.0,13635390.0,52898073.0,2000,2898073.0,59483702.41397312,62931464.65209253,16221669.6211693,3447762.2381194066
650,Shine,PG13,91.0,1997-02-14,5500000.0,162179.0,35811509.0,1990,30311509.0,8451954.104775837,55032223.72559397,249223.5390469892,46580269.62081813
652,Chicago,PG13,86.0,2003-01-24,45000000.0,69476.71568627452,170687518.0,2000,125687518.0,60340321.64173777,228874216.3633312,93161.05269158604,168533894.72159344
658,Topsy-Turvy,R,89.0,2000-02-11,6280223.575959304,32718.0,6201757.0,2000,-78466.57595930435,8996146.743660312,8883746.791132405,46867.11,-112399.95252790736
661,Who Killed the Electric Car?,PG,89.0,2006-08-04,1000000.0,45138.0,1677838.0,2000,677838.0,1223607.1264150126,2053014.5337699123,55231.178472120846,829407.4073548994
665,Saturday Night Fever,R,87.0,1977-12-16,3000000.0,3878099.0,94213184.0,1970,91213184.0,12209657.638510088,383436907.2246521,15783420.35941611,371227249.586142
671,Eye In The Sky,R,95.0,2016-04-01,13000000.0,113803.0,18700837.0,2010,5700837.0,13360606.58432249,19219578.919580128,116959.77777812711,5858972.335257636
672,Blood Simple,R,94.0,1985-01-18,1500000.0,42971.0,2150000.0,1980,650000.0,3439759.83779369,4930322.434170956,98539.94665988846,1490562.5963772659
673,Bridge of Spies,PG13,91.0,2015-10-16,40000000.0,15371203.0,72313754.0,2010,32313754.0,41628912.694026165,75258573.79608215,15997161.692228828,33629661.102055974
674,The Crying Game,R,97.0,1993-02-19,1583476.764199656,101107.0,62549000.0,1990,60965523.23580034,2703856.6832777164,106805186.8559112,172644.6790107054,104101330.17263348
675,The Imitation Game,PG13,91.0,2014-12-25,14000000.0,1423274.0,91125683.0,2010,77125683.0,14587403.556196893,94949079.44679077,1482990.8720744697,80361675.89059387
677,Ex Machina,R,92.0,2015-04-24,15000000.0,30733.0,25442958.0,2010,10442958.0,15610842.260259813,26479066.931494366,31984.534345637658,10868224.671234554
678,Blue Ruin,R,96.0,2014-07-09,1066167.0,32608.0,258113.0,2010,-808054.0,1110900.5919499837,268942.74957861775,33976.146797176305,-841957.842371366
679,10 Cloverfield Lane,PG13,90.0,2016-03-11,15000000.0,24702752.0,71897215.0,2010,56897215.0,15416084.520372104,73891569.54795766,25387980.847852737,58475485.02758557
682,Blue Velvet,R,94.0,1986-10-23,6000000.0,789409.0,8551228.0,1980,2551228.0,13502750.707367979,19244183.32097748,1776532.1555254417,5741432.613609499
683,Children of Men,R,92.0,2007-01-05,76000000.0,665244.2372442372,35552383.0,2000,-40447617.0,90415227.66923915,42295747.40959194,791423.8048169349,-48119480.25964721
684,Wild Tales,R,95.0,2014-08-21,3300000.0,85100.0,3107072.0,2010,-192928.0,3438459.4096749816,3237436.6530114133,88670.57447373969,-201022.75666356814
688,The Dark Knight Rises,PG13,87.0,2012-07-20,250000000.0,9189023.032629559,448139099.0,2010,198139099.0,268593675.00815296,481469310.06101,9872453.864274146,212875635.052857
689,Beauty and The Beast ,NR,95.0,2017-03-17,160000000.0,6445619.996276299,504014165.0,2010,344014165.0,161095279.20732462,507464391.46950996,6489743.4560277825,346369112.26218534
691,Her,R,94.0,2014-01-10,23000000.0,260382.0,25568251.0,2010,2568251.0,23965020.12803775,26641028.254509628,271306.95091211854,2676008.1264718734
693,Slumdog Millionaire,R,92.0,2008-12-25,15000000.0,360018.0,141319928.0,2000,126319928.0,17185758.098372944,161912673.1391654,412478.81727066875,144726915.04079247
695,Titanic,PG13,88.0,1997-12-19,200000000.0,4855880.551301684,658672302.0,1990,458672302.0,307343785.6282123,1012194193.9256455,7462123.55597735,704850408.2974333
696,Shakespeare in Love,R,92.0,1999-01-08,25000000.0,4224426.0,100317794.0,1990,75317794.0,37020711.3912652,148553443.96329582,6255650.229590275,111532732.57203063
697,Up in the Air,R,91.0,2009-12-23,25000000.0,68923.25315005727,83823381.0,2000,58823381.0,28744342.46773284,96377918.81069,79246.14370141969,67633576.34295715
698,Eternal Sunshine Of The Spotless Mind,R,93.0,2004-03-19,20000000.0,8175198.0,34400301.0,2000,14400301.0,26118662.31820677,44924492.27318353,10676261.797323968,18805829.954976764
699,Before Sunset,R,95.0,2004-07-30,2700000.0,56995.0,5792822.0,2000,3092822.0,3526019.4129579137,7565038.084373958,74431.65794130975,4039018.6714160447
700,The Graduate,PG,91.0,1967-12-22,3000000.0,873.0,104945305.0,1960,101945305.0,22183572.322976124,776020587.808096,6455.419545986053,753837015.4851199
701,The Lunchbox,PG,96.0,2013-09-20,1000000.0,44542.0,4231500.0,2010,3231500.0,1058860.269478657,4480567.230298937,47163.75412311835,3421706.9608202805
703,The Town,R,93.0,2010-09-17,37000000.0,23808032.0,92186262.0,2010,55186262.0,41855183.65737163,104283052.07288054,26932150.05082651,62427868.415508896
705,Midnight in Paris,PG13,93.0,2011-06-10,17000000.0,729860.7727114514,56816662.0,2010,39816662.0,18642253.643593676,62305330.83449002,800367.6264350677,43663077.19089635
707,About a Boy,PG13,94.0,2002-05-17,30000000.0,5436425.0,41385278.0,2000,11385278.0,41140069.49270327,56753107.09649479,7455163.409728979,15613037.603791524
708,Big Night,R,96.0,1996-09-20,4100000.0,185942.0,11881039.0,1990,7781039.0,6447834.87408352,18684628.684035704,292420.3200382531,12236793.809952185
709,Million Dollar Baby,PG13,91.0,2005-01-28,30000000.0,179953.0,100492203.0,2000,70492203.0,37892400.249559656,126929692.6012,227295.03673696695,89037292.35164033
711,Hamlet,PG13,95.0,1996-12-25,18000000.0,148321.0,4414535.0,1990,-13585465.0,28307567.739878867,6942486.03069812,233255.93081925405,-21365081.709180746
712,Monsoon Wedding,R,95.0,2002-04-26,142886.30332720964,89698.17806806463,13876974.0,2000,13734087.69667279,195945.08161456275,19029989.15694788,123006.30930296838,18834044.075333316
713,Out of Sight,R,93.0,1998-06-26,48000000.0,12020435.0,37562568.0,1990,-10437432.0,72635010.49488983,56840781.68531277,18189675.466211274,-15794228.80957706
714,Hannah and Her Sisters,PG13,93.0,1986-03-14,6400000.0,1265826.0,40084041.0,1980,33684041.0,14402934.087859178,90207468.82781953,2848688.8194841305,75804534.73996033
716,The Spectacular Now,R,92.0,2013-09-13,2500000.0,197415.0,6851969.0,2010,4351969.0,2647150.6736966427,7255277.741799406,209034.90009912913,4608127.068102762
717,Southside With You,PG13,92.0,2016-08-26,1500000.0,2868956.0,6303853.0,2010,4803853.0,1541608.4520372103,6478715.376800084,2948537.878748578,4937106.924762873
718,Knocked Up,R,89.0,2007-06-01,30000000.0,30690990.0,148734225.0,2000,118734225.0,35690221.448383875,176945247.57345843,36512274.3190045,141255026.12507457
723,Moonstruck,PG,92.0,1988-01-15,15000000.0,127599.0,80640528.0,1980,65640528.0,31287731.669730883,168203946.78462803,266152.21822173276,136916215.11489713
725,Y Tu Mama Tambien,R,92.0,2002-04-26,2000000.0,408091.0,13622333.0,2000,11622333.0,2742671.299513551,18680790.875758164,559629.7366448924,15938119.576244613
726,The Duke Of Burgundy,NR,93.0,2015-01-23,1000000.0,13000.0,32630.0,2010,-967370.0,1040722.8173506542,33958.78553015185,13529.396625558504,-1006764.0318205024
727,Kung Fu Hustle,R,90.0,2005-04-22,20000000.0,3188968.0,17108591.0,2000,-2891409.0,25261600.166373104,21609519.26260047,4027921.727967925,-3652080.9037726345
733,Lone Star,R,93.0,1996-06-21,5000000.0,3845000.0,13269963.0,1990,8269963.0,7863213.261077463,20868909.807121456,6046810.997768569,13005696.546043992
735,The Martian,PG13,92.0,2015-10-02,108000000.0,2008010.8194395176,228433663.0,2010,120433663.0,112398064.27387065,237736125.33508992,2089782.6772776907,125338061.06121925
736,Snowpiercer,R,95.0,2014-07-11,39200000.0,14842419.0,4563650.0,2010,-34636350.0,40844729.9573513,4755128.874231283,15465168.264511738,-36089601.08312002
739,Captain America: The Winter Soldier,PG13,89.0,2014-04-04,170000000.0,95023721.0,259766572.0,2010,89766572.0,177132757.4681051,270665701.15527683,99010668.97417581,93532943.68717174
740,District 9,R,90.0,2009-08-14,30000000.0,21632.0,115646235.0,2000,85646235.0,34493210.96127941,132966999.35775647,24871.90465047987,98473788.39647706
742,Rogue One: A Star Wars Story,PG13,85.0,2016-12-16,200000000.0,13833858.791472992,532177324.0,2010,332177324.0,205547793.6049614,546939373.7739633,14217595.758149356,341391580.16900194
744,The Hunger Games: Catching Fire,PG13,89.0,2013-11-22,130000000.0,9357.791392928324,424668047.0,2010,294668047.0,137651835.03222543,449664122.68539506,9908.593516041143,312012287.65316963
747,No End in Sight,NR,96.0,2007-01-22,2000000.0,31533.0,1431623.0,2000,-568377.0,2379348.0965589248,1703164.730019989,37513.99176439629,-676183.366538936
752,Trouble the Water,NR,96.0,2008-12-05,900000.0,28606.0,519981.0,2000,-380019.0,1031145.4859023766,595751.1787833375,32774.38641080376,-435394.3071190392
756,An Inconvenient Truth,PG,93.0,2006-06-30,1500000.0,367311.0,23808111.0,2000,22308111.0,1835410.689622519,29131774.286079653,449444.35721062473,27296363.596457135
757,To Be and to Have ,NR,97.0,2002-08-28,1018329.9389002037,823788.0,775607.0,2000,-242722.93890020368,1396472.1484284885,1063617.5293009034,1129689.8522418346,-332854.61912758497
763,Super Size Me,PG13,93.0,2004-06-11,65000.0,516641.0,11529368.0,2000,11464368.0,84885.652534172,15056583.476716947,674698.5909370333,14971697.824182775
764,The Queen of Versailles,PG,94.0,2014-08-16,1000000.0,51326.0,2401652.0,2010,1401652.0,1041957.3968712066,2502419.066110527,53479.50535181155,1460461.6692393206
769,The Last of the Unjust,PG13,96.0,2013-11-13,1857907.2532699169,14328.0,38396.0,2010,-1819511.2532699169,1967264.174863736,40655.998906902525,15171.349941090199,-1926608.1759568334
770,Up the Yangtze,NR,96.0,2008-07-11,990785.6930545922,15851.0,783416.0,2000,-207369.69305459224,1135160.2165443338,897573.1910929959,18160.76344115397,-237587.025451338
780,My Winnipeg,NR,94.0,2008-07-04,600000.0,14309.0,156629.0,2000,-443371.0,687430.3239349177,179452.5403460037,16394.06750864123,-507977.783588914
782,Rocky,PG,93.0,1976-12-03,960000.0,5000000.0,117235247.0,1970,116275247.0,4161117.118416232,508155826.22234917,21672484.99175121,503994709.1039329
785,The Fighter,R,90.0,2010-12-17,25000000.0,1368307.4935400516,93617009.0,2010,68617009.0,28280529.498224076,105901543.38240035,1547858.4173480193,77621013.88417628
786,The Damned United,R,93.0,2009-03-27,10000000.0,432062.12914485164,449558.0,2000,-9550442.0,11497736.987093136,516889.96444436157,496773.6722990972,-10980847.022648774
791,Tristram Shandy: A Cock & Bull Story,R,90.0,2006-01-20,1585234.6713468833,188293.04195210326,1253413.0,2000,-331821.6713468833,1939704.440900207,1533685.0791412203,230396.7079869545,-406019.36175898666
793,The Color of Money,R,89.0,1986-10-17,13800000.0,6357877.0,52293982.0,1980,38493982.0,31056326.626946352,117685433.74026473,14308138.0265181,86629107.11331838
795,Hoosiers,PG,88.0,1987-02-27,6000000.0,220068.0,28607524.0,1980,22607524.0,13025425.742574258,62104196.590151824,477746.5653861387,49078770.847577564
797,Girlfight,R,87.0,2000-10-06,1000000.0,197896.0,1523941.0,2000,523941.0,1432456.4459930314,2182979.1087630666,283477.40083623695,750522.6627700349
800,Chariots of Fire,PG,83.0,1982-04-09,5500000.0,68907.0,58972904.0,1980,53472904.0,14058854.922279792,150743909.3966425,176137.0029326425,136685054.4743627
801,The Hurricane,R,83.0,2000-01-14,50000000.0,337000.0,50668906.0,2000,668906.0,71622822.29965158,72581001.01111498,482737.8222996516,958178.7114634146
804,Major League,R,83.0,1989-04-07,11000000.0,8836265.0,49797148.0,1980,38797148.0,21887811.233695127,99086415.94548899,17582409.120991554,77198604.71179387
806,Beyond the Mat,R,82.0,2000-03-17,500000.0,966016.0,2047570.0,2000,1547570.0,716228.2229965157,2933054.845121952,1383775.8461324042,2216826.622125436
809,Once in a Lifetime: The Extraordinary Story of the New York Cosmos,PG13,82.0,2006-07-07,1000000.0,9805.0,144431.0,2000,-855569.0,1223607.1264150126,176726.8008752467,11997.4678744992,-1046880.3255397661
810,Invictus,PG13,76.0,2009-12-11,60000000.0,608576.0181423037,37491364.0,2000,-22508636.0,68986421.92255881,43106584.255937204,699724.6993252628,-25879837.666621607
814,Talladega Nights: The Ballad of Ricky Bobby,PG13,71.0,2006-08-04,72500000.0,47042215.0,148213377.0,2000,75713377.0,88711516.66508843,181354944.32723495,57561189.516347215,92643427.66214652
815,Invincible,PG,72.0,2014-12-25,65000000.0,30621445.0,115637895.0,2010,50637895.0,67727230.79662843,120489760.05386592,31906241.120634824,52762529.257237494
818,Bleed For This,R,70.0,2016-11-18,6000000.0,2366810.0,4847865.0,2010,-1152135.0,6166433.808148841,4982339.772223581,2432462.8669107934,-1184094.035925261
819,The Blind Side,PG13,67.0,2009-11-20,29000000.0,34119372.0,255959475.0,2000,226959475.0,33343437.26257009,294295472.2904441,39229556.54207899,260952035.027874
821,Secretariat,PG,63.0,2010-10-08,35000000.0,12694770.0,59713955.0,2010,24713955.0,39592741.29751371,67549690.63332501,14360592.698326804,27956949.3358113
826,The Perfect Game,PG,57.0,2010-04-16,12500000.0,207329.0,1089445.0,2010,-11410555.0,14140264.749112038,1232403.2583677091,234534.956013492,-12907861.49074433
827,Because of Winn-Dixie,PG,54.0,2005-02-18,14000000.0,13218723.0,32645546.0,2000,18645546.0,17683120.116461173,41233936.51324704,16696304.756802,23550816.396785866
830,Soul Surfer,PG,46.0,2011-04-08,18000000.0,10601862.0,43853424.0,2010,25853424.0,19738856.799099185,48089803.13812108,11626035.323433962,28350946.339021895
831,Goal! The Dream Begins ,PG,44.0,2006-05-12,10000000.0,8613.0,4280577.0,2000,-5719423.0,12236071.264150128,5237744.522368196,10538.928179812505,-6998326.741781931
832,The Replacements,PG13,41.0,2000-08-11,50000000.0,11039214.0,44737059.0,2000,-5262941.0,71622822.29965158,64083888.539320566,15813193.252996515,-7538933.760331011
833,Beerfest,R,41.0,2006-08-25,17500000.0,7031228.0,19185184.0,2000,1685184.0,21413124.712262724,23475127.863983285,8603460.688248778,2062003.151720557
834,Grudge Match,PG13,30.0,2013-12-25,40000000.0,7310000.0,29807260.0,2010,-10192740.0,42354410.779146284,31561723.3560204,7740268.569888984,-10792687.423125887
836,Playing for Keeps,PG13,3.0,2012-12-07,35000000.0,5750288.0,13101142.0,2010,-21898858.0,37603114.501141414,14075535.506334653,6177963.945101129,-23527578.994806763
858,Trekkies,PG,86.0,2002-11-08,375000.0,125636.0,318246.0,2000,-56754.0,514250.86865879083,436422.0851924948,172289.12569284227,-77828.78346629604
859,Inside Deep Throat,NC17,83.0,2005-04-21,2000000.0,88709.0,653621.0,2000,-1346379.0,2526160.0166373104,825575.6181172477,112046.56445793959,-1700584.3985200627
860,Outfoxed: Rupert Murdoch's War on Journalism,NR,85.0,2004-07-13,200000.0,78054.0,237277.0,2000,37277.0,261186.6231820677,309867.89194385736,101933.30342926556,48681.268761789695
861,Trumbo,PG13,82.0,2015-11-27,15000000.0,74177.0,7857741.0,2010,-7142259.0,15610842.260259813,8177730.351531747,77197.69642261948,-7433111.908728067
863,Tupac: Resurrection,R,78.0,2003-11-14,300000.0,4632847.0,7707563.0,2000,7407563.0,402268.8109449184,10335040.677643495,6212166.1799324425,9932771.866698576
866,POM Wonderful Presents: The Greatest Movie Ever Sold,PG13,73.0,2011-08-24,1500000.0,118294.0,638476.0,2010,-861524.0,1644904.7332582655,700154.7963145362,129721.57367736884,-944749.9369437294
869,My Date With Drew,PG,71.0,2005-09-30,1100.0,85222.0,85222.0,2000,84122.0,1389.3880091505207,107642.20446893242,107642.20446893242,106252.81645978191
872,The Rugrats Movie,G,59.0,1998-11-20,24000000.0,27321470.0,100494675.0,1990,76494675.0,36317505.24744491,152071495.27719882,41343651.2538712,115753990.0297539
874,No Strings Attached,R,49.0,2011-01-21,25000000.0,19652921.0,70662220.0,2010,45662220.0,27415078.887637757,77488413.42702459,21551455.18350051,50073334.539386824
875,Bamboozled,R,48.0,2000-10-20,10000000.0,190720.0,2185266.0,2000,-7814734.0,14324564.459930314,3130298.3679094077,273198.09337979095,-11194266.092020907
876,The Real Cancun,R,35.0,2003-04-25,8000000.0,2108796.0,3713002.0,2000,-4286998.0,10727168.291864492,4978749.66525368,2827676.198151334,-5748418.626610812
878,15 Minutes,R,33.0,2001-03-09,60000000.0,10523154.0,24403552.0,2000,-35596448.0,83585127.99631305,33996233.62474469,14659652.900248561,-49588894.37156836
879,Man of the Year,PG,21.0,2006-10-13,20000000.0,12299380.0,37442180.0,2000,17442180.0,24472142.528300256,45814518.27651366,15049609.01848628,21342375.748213407
880,Pokemon 3: The Movie,G,22.0,2001-04-06,16000000.0,8240752.0,17052128.0,2000,1052128.0,22289367.46568348,23755071.691491894,11480071.845097879,1465704.2258084142
882,From Justin To Kelly,PG,10.0,2003-06-20,12000000.0,2715848.0,4922166.0,2000,-7077834.0,16090752.437796736,6600112.880311686,3641669.8188904496,-9490639.557485053
883,The Good the Bad and the Ugly,R,97.0,1967-12-29,1200000.0,10584.0,6100000.0,1960,4900000.0,8873428.92919045,45106597.05671812,78263.64315545977,36233168.12752767
884,Unforgiven,R,96.0,1992-08-07,14400000.0,15018007.0,101157447.0,1990,86757447.0,25314409.78137204,177829240.68023774,26400832.173438456,152514830.8988657
886,Django Unchained,R,87.0,2012-12-25,100000000.0,30688000.0,162805434.0,2010,62805434.0,107437470.0032612,174914039.3174292,32970410.794600796,67476569.314168
889,The Magnificent Seven,R,90.0,2016-09-23,90000000.0,560046.333422436,93381044.0,2010,3381044.0,92496507.12223263,95971337.7936391,575581.4407576515,3474830.671406465
892,The Proposition,R,86.0,2013-01-25,6000000.0,4805878.0,8828771.0,2010,2828771.0,6353161.616871943,9348434.840225354,5088753.274161549,2995273.2233534106
893,The Three Burials of Melquiades Estrada,R,85.0,2006-02-24,15000000.0,77132.0,5023275.0,2000,-9976725.0,18354106.89622519,6146515.087942374,94379.26487464277,-12207591.808282819
895,Dances With Wolves,PG13,82.0,1990-11-21,22000000.0,598257.0,184208848.0,1990,162208848.0,41533653.94260697,347766661.1817404,1129445.4184882827,306233007.2391334
896,The Homesman,R,81.0,2014-05-18,16000000.0,139311.0,2428883.0,2010,-13571117.0,16671318.349939305,2530792.607984727,145156.12691552466,-14140525.74195458
897,The Hateful Eight,R,74.0,2015-12-30,44000000.0,16240000.0,54117416.0,2010,10117416.0,45791803.96342879,56321229.64725737,16901338.553774625,10529425.683828587
898,The Good the Bad the Weird,R,83.0,2008-07-17,10000000.0,4775.0,128486.0,2000,-9871514.0,11457172.065581962,147208.62100183638,5470.799661315387,-11309963.444580127
899,Open Range,R,79.0,2003-08-15,22000000.0,14047781.0,58331254.0,2000,36331254.0,29499712.80262735,78216147.29168673,18836613.86428206,48716434.489059374
900,Shanghai Noon,PG13,79.0,2000-05-26,55000000.0,19647065.0,56937502.0,2000,1937502.0,78785104.52961673,81560491.75864112,28143564.90409408,2775387.22902439
901,Appaloosa,R,77.0,2008-10-03,20000000.0,248847.0,20207003.0,2000,207003.0,22914344.131163925,23151511.03007309,285108.28970038745,237166.89890916628
902,The Assassination of Jesse James by the Coward Robert Ford,R,76.0,2007-10-19,30000000.0,147812.0,3904982.0,2000,-26095018.0,35690221.448383875,4645655.744398432,175848.1004242839,-31044565.70398544
905,The Horse Whisperer,PG13,74.0,1998-05-15,60000000.0,13685488.0,75383563.0,1990,15383563.0,90793763.11861229,114072622.70098309,20709282.593910184,23278859.582370814
908,Tombstone,R,73.0,1993-12-25,25000000.0,6454752.0,56505065.0,1990,31505065.0,42688606.87457481,96484900.24829186,11021774.82403502,53796293.373717055
910,The Salvation,R,71.0,2015-02-27,9377511.833526839,5000.0,5000.0,2010,-9372511.833526839,9759390.535127152,5203.614086753271,5203.614086753271,-9754186.921040397
911,The Rover,R,66.0,2014-06-20,8500000.0,69302.0,1109199.0,2010,-7390801.0,8856637.873405255,1155738.1026521455,72209.73151796836,-7700899.770753111
912,Maverick,PG13,66.0,1994-05-20,75000000.0,17248545.0,101631272.0,1990,26631272.0,124811435.31792884,169129932.4200911,28704208.78127846,44318497.10216226
913,The Claim,R,62.0,2001-02-02,13393156.097234312,26528.042472093653,669258.0,2000,-12723898.097234312,18657811.111032177,932333.5932092746,36955.830425359614,-17725477.517822903
915,Heaven's Gate,R,57.0,1980-11-19,44000000.0,12032.0,3484331.0,1980,-40515669.0,131703136.82401468,10429484.600753544,36014.82141514875,-121273652.22326115
916,Legends of the Fall,R,56.0,1995-01-13,30000000.0,14038128.0,66638883.0,1990,36638883.0,48562200.601238586,107871026.80294894,22724079.60006214,59308826.20171035
917,The Quick and the Dead,R,56.0,1995-02-10,32000000.0,6515861.0,18636537.0,1990,-13363463.0,51799680.64132116,30167708.276880175,10547484.965726236,-21631972.36444099
918,Sukiyaki Western Django,R,57.0,2007-09-15,3800000.0,12172.0,48034.0,2000,-3751966.0,4520761.383461957,57144.803235055704,14480.712515657617,-4463616.580226902
919,The Killer Inside Me,R,55.0,2010-06-08,13000000.0,85983.91346553876,214966.0,2010,-12785034.0,14705875.339076519,243174.09216460946,97266.82404539661,-14462701.246911911
920,Seraphim Falls,R,55.0,2007-04-13,18000000.0,155560.0,418296.0,2000,-17581704.0,21414132.869030323,497635.89569910604,185065.69495035318,-20916496.973331217
922,Down in the Valley,R,52.0,2005-12-09,8000000.0,22806.0,568695.0,2000,-7431305.0,10104640.066549242,718307.2853307776,28805.802669715253,-9386332.781218464
923,Cowboys & Aliens,PG13,44.0,2011-07-29,163000000.0,28179256.43123352,100240551.0,2010,-62759449.0,178746314.3473982,109924104.53621104,30901461.522289626,-68822209.81118715
925,Jane Got a Gun,R,40.0,2016-01-29,25000000.0,835572.0,1512815.0,2010,-23487185.0,25693474.200620174,1554778.9269124484,858749.904990424,-24138695.273707725
926,A Million Ways to Die in the West,R,33.0,2014-05-30,40000000.0,17069000.0,43139300.0,2010,3139300.0,41678295.87484826,44949312.73084605,17785170.807194624,3271016.855997779
928,The Lone Ranger,PG13,30.0,2013-07-03,215000000.0,29210849.0,89302115.0,2010,-125697885.0,227654957.93791127,94558461.55391404,30930207.443840362,-133096496.38399726
930,The Dark Tower,PG13,16.0,2017-08-04,60000000.0,19153698.0,50701325.0,2010,-9298675.0,60410729.70274674,51048400.66910193,19284814.544767346,-9362329.03364481
931,Wild Wild West,PG13,17.0,1999-06-30,170000000.0,49705055.0,113805681.0,1990,-56194319.0,251740837.46060336,168526690.83949575,73604659.83367853,-83214146.62110762
932,Priest,PG13,15.0,2011-05-13,60000000.0,244785.21540268252,29136626.0,2010,-30863374.0,65796189.33033062,31951316.012383897,268432.2396316777,-33844873.317946725
933,American Outlaws,PG13,14.0,2001-08-17,35000000.0,4855475.0,13264986.0,2000,-21735014.0,48757991.331182614,18479259.211321678,6764091.655964969,-30278732.119860936
934,Jonah Hex,PG13,12.0,2010-06-18,47000000.0,5379365.0,10539414.0,2010,-36460586.0,53167395.45666126,11922408.340839833,6085251.622568566,-41244987.115821436
935,September Dawn,R,13.0,2007-08-24,11000000.0,635000.0,1066555.0,2000,-9933445.0,13086414.531074086,1268852.804562702,755443.0206574587,-11817561.726511385
936,Texas Rangers,PG13,2.0,2001-11-30,38000000.0,319516.0,623374.0,2000,-37376626.0,52937247.73099826,868413.2596595609,445113.0959478326,-52068834.471338704
