,Name,Rating,Score,Release,Budget,Open,Gross
0,Mad Max: Fury Road,R,97.0,2015-05-15,150000000.0,5079641.0,153636354.0
1,Metropolis,PG13,99.0,1927-03-13,,19978.0,26435.0
2,Wonder Woman,PG13,92.0,2017-06-02,149000000.0,,412563408.0
3,Dunkirk,PG13,92.0,2017-07-21,100000000.0,7729580.50586058,188043731.0
4,King Kong,G,98.0,2005-12-14,207000000.0,,218080025.0
5,Logan,R,93.0,2017-03-03,97000000.0,8822384.259996813,226277068.0
6,The Adventures of Robin Hood,PG,100.0,1938-05-14,1900000.0,,3981000.0
7,Zootopia,PG,98.0,2016-03-04,150000000.0,2549312.4432334243,341268248.0
8,Star Wars: Episode VII - The Force Awakens,PG13,93.0,2015-12-18,245000000.0,22805316.48115864,936662225.0
9,Baby Driver,R,93.0,2017-06-28,34000000.0,20553320.0,107825862.0
10,Seven Samurai ,G,100.0,1956-11-19,2000000.0,21830.0,269061.0
11,Up,PG,98.0,2009-05-29,175000000.0,3875013.0,293004164.0
12,The Treasure of the Sierra Madre,NR,100.0,1948-01-24,3000000.0,,5014000.0
13,Lawrence of Arabia,PG,98.0,1962-12-11,15000000.0,32930.0,44824144.0
14,The Jungle Book,PG,95.0,2016-04-15,175000000.0,103261464.0,364001123.0
15,The Dark Knight,PG13,94.0,2008-07-18,185000000.0,4467543.087180777,534858444.0
16,War for the Planet of the Apes,PG13,93.0,2017-07-14,150000000.0,56262929.0,146880162.0
17,Thor: Ragnarok,PG13,92.0,2017-11-03,180000000.0,,281747599.0
18,Spider-Man: Homecoming,PG13,92.0,2017-07-07,175000000.0,16871.813493955022,334201140.0
19,The African Queen,PG,100.0,1952-03-21,1000000.0,,536118.0
20,Skyfall,PG13,93.0,2012-11-09,200000000.0,3478201.5651907045,304360277.0
21,The 39 Steps,NR,98.0,1935-08-01,,,
22,Apocalypse Now,R,98.0,1979-08-15,31500000.0,96992.0,83471511.0
23,Jaws,PG,97.0,1975-06-20,8000000.0,7061513.0,260000000.0
24,Harry Potter and the Deathly Hallows - Part 2,PG13,96.0,2011-07-15,125000000.0,169189427.0,381011219.0
25,Captain America: Civil War,PG13,91.0,2016-05-06,250000000.0,4148948.4283337714,408084349.0
26,WALL-E,G,96.0,2008-06-27,180000000.0,,223808164.0
27,Moana,PG,96.0,2016-11-23,150000000.0,56631401.0,248757044.0
28,The LEGO Movie,PG,96.0,2014-02-07,60000000.0,,257760692.0
29,The Hurt Locker,R,97.0,2009-07-31,15000000.0,33747.461306814206,17017811.0
30,Coco,PG,97.0,2017-11-21,,50802605.0,82575404.0
31,The Searchers,PG,100.0,1956-05-26,3750000.0,,
32,Star Trek,PG13,94.0,1966-09-08,200000.0,,
33,The Terminator,R,100.0,1984-10-26,6400000.0,4020663.0,38400000.0
34,Star Wars: Episode IV - A New Hope,PG,93.0,1977-05-25,11000000.0,35906661.0,322740140.0
35,Kubo and the Two Strings,PG,97.0,2016-08-19,60000000.0,12608372.0,48023088.0
36,Marvel's The Avengers,PG13,92.0,2012-05-04,220000000.0,2059539.4120951134,623357910.0
37,The French Connection,R,98.0,1971-10-09,1800000.0,,
38,Mission: Impossible Rogue Nation,PG13,93.0,2015-07-31,150000000.0,55520089.0,195042377.0
39,Iron Man,PG13,94.0,2008-05-02,140000000.0,98618668.0,318412101.0
40,Aliens,R,98.0,1986-07-18,18500000.0,10052042.0,85160248.0
41,Once Upon a Time in the West,PG13,98.0,1969-07-04,5000000.0,,5321508.0
42,Throne of Blood,NR,98.0,1961-11-22,,,
43,Hunt for the Wilderpeople,NR,97.0,2016-03-31,,1263035.0,5202582.0
44,Badlands,PG,98.0,2015-11-15,,,
45,Aguirre the Wrath of God ,R,98.0,1977-04-03,370000.0,,
46,The Lego Batman Movie,PG,91.0,2017-02-10,80000000.0,1114812.20657277,175750384.0
47,Star Wars: Episode V - The Empire Strikes Back,PG,94.0,1980-06-20,18000000.0,,290475067.0
48,Spartacus,PG13,96.0,2010-01-22,,,
49,The Lord of the Rings: The Two Towers,PG13,96.0,2002-12-18,94000000.0,1670389.0,342551365.0
50,Chicken Run,G,97.0,2000-06-23,45000000.0,17506162.0,106834564.0
51,Guardians of the Galaxy,PG13,91.0,2014-08-01,170000000.0,,333176600.0
52,X-Men: Days of Future Past,PG13,91.0,2014-05-23,200000000.0,,233921534.0
53,Ghostbusters ,PG,97.0,2010-11-06,6000.0,,
54,True Grit,PG13,95.0,2010-12-22,38000000.0,953614.315291334,171243005.0
55,Blade Runner 2049,R,87.0,2017-10-06,150000000.0,,90383762.0
56,The Princess Bride,PG,97.0,1987-10-09,16000000.0,206243.0,30857814.0
57,Casino Royale,PG13,94.0,2006-11-17,150000000.0,7061136.987748205,167445960.0
58,The Wild Bunch,R,96.0,1969-08-07,6244087.0,,
59,All Is Lost,PG13,94.0,2013-11-07,9000000.0,93583.0,6263670.0
60,Ran,R,96.0,1985-06-01,11500000.0,11462.0,3522421.0
61,Back to the Future,PG,96.0,1985-07-03,19000000.0,11332134.0,210609762.0
62,Looper,R,93.0,2012-09-28,30000000.0,1505079.3454004463,66486205.0
63,Sicario,R,93.0,2015-10-02,30000000.0,12148041.0,46889293.0
64,No Country for Old Men,R,93.0,2007-11-21,25000000.0,1226333.0,74283625.0
65,A Fistful of Dollars ,R,98.0,1967-01-18,200000.0,,14500000.0
66,Gojira,NR,93.0,2014-05-16,160000000.0,,200676069.0
67,Who Framed Roger Rabbit,PG,97.0,1988-06-22,70000000.0,1034663.1553160215,156452370.0
68,Embrace Of The Serpent ,NR,97.0,2015-05-25,1400000.0,50955.0,1329249.0
69,Mad Max 2: The Road Warrior,R,98.0,1982-05-21,2000000.0,800926.4511249763,12465371.0
70,The Right Stuff,PG,98.0,1984-02-17,27000000.0,1601167.0,21500000.0
71,Close Encounters of the Third Kind,PG,96.0,1977-12-14,20000000.0,,132088635.0
72,Babe,G,97.0,1995-08-04,30000000.0,8742545.0,66600000.0
73,Paths of Glory,G,94.0,1957-11-01,935000.0,,
74,Crouching Tiger Hidden Dragon,PG13,97.0,2001-01-12,17000000.0,988961.8081819464,128078872.0
75,Diva,R,98.0,2009-07-12,,,
76,The Bourne Ultimatum,PG13,93.0,2007-08-03,110000000.0,69283690.0,227471070.0
77,The Bridge on the River Kwai,PG,94.0,1957-12-14,3000000.0,,44908000.0
78,The Lord of the Rings: The Return of the King,PG13,94.0,2003-12-17,94000000.0,1764458.0,377845905.0
79,Dawn Of The Planet Of The Apes,PG13,90.0,2014-07-11,170000000.0,72611427.0,208545589.0
80,Goldfinger,PG,96.0,1965-01-09,3000000.0,,51081062.0
81,Catch Me If You Can,PG13,96.0,2002-12-25,52000000.0,30082000.0,164615351.0
82,Dr. No,PG,96.0,1962-10-07,1100000.0,,16067035.0
83,The Fugitive,PG13,96.0,1993-08-06,44000000.0,23758855.0,183875760.0
84,One False Move,R,98.0,1992-05-08,,,1543112.0
85,Doctor Strange,PG13,89.0,2016-11-04,165000000.0,1882494.3800017983,232641920.0
86,Apollo 13,PG,95.0,1995-06-30,52000000.0,200645.0,173837933.0
87,From Russia With Love,PG,96.0,1964-05-27,2000000.0,,24796765.0
88,The Killer,R,98.0,2017-11-10,,,
89,Jurassic Park,PG13,92.0,1993-06-11,63000000.0,21465353.88652017,402453882.0
90,Wallace & Gromit: The Curse of the Were-Rabbit,G,95.0,2005-10-07,30000000.0,1321383.0,56110897.0
91,Yellow Submarine,G,96.0,1968-11-13,,,
92,The Lion King,G,92.0,2019-07-19,,,
93,Spider-Man 2,PG13,93.0,2004-06-30,200000000.0,5309404.0,373585825.0
94,Hero,PG13,95.0,2004-08-27,31000000.0,687653.0,53710019.0
95,'71,PG13,96.0,2014-10-10,,55761.0,1268760.0
96,The Twilight Samurai ,NR,99.0,2002-11-02,5000000.0,4622.0,
97,Drive,R,93.0,2011-09-16,15000000.0,11340461.0,35060689.0
98,Raiders of the Lost Ark,PG,94.0,1981-06-12,18000000.0,1673731.0,248159971.0
99,The Departed,R,91.0,2006-10-06,90000000.0,1228256.1992304404,132384315.0
100,Inside Out,PG,98.0,2015-06-19,175000000.0,1154722.0,356461711.0
101,Snow White and the Seven Dwarfs,G,98.0,1938-02-04,2000000.0,7514749.0,184925485.0
102,Toy Story 3,G,99.0,2010-06-18,200000000.0,,415004880.0
103,Toy Story 2,G,100.0,1999-11-24,90000000.0,57388839.0,245852179.0
104,Finding Nemo,G,99.0,2003-05-30,94000000.0,2111315.0,380843261.0
105,Pinocchio,G,100.0,1940-02-23,2600000.0,3769251.0,84254167.0
106,Finding Dory,PG,94.0,2016-06-17,200000000.0,135060273.0,486295561.0
107,Toy Story,G,100.0,1995-11-22,30000000.0,2992465.2543516397,191796233.0
108,Shaun the Sheep Movie,PG,99.0,2015-08-05,25000000.0,666509.93743099,19375982.0
109,Ratatouille,G,96.0,2007-06-29,150000000.0,,206445654.0
110,How to Train Your Dragon,PG,98.0,2010-03-26,165000000.0,43732319.0,217581231.0
111,The Incredibles,PG,97.0,2004-11-05,92000000.0,70467623.0,261441092.0
112,Beauty and the Beast,G,94.0,2017-03-17,160000000.0,6445619.996276299,504014165.0
113,Paddington 2,NR,100.0,2018-01-12,,187560.0,
114,My Life as a Zucchini ,PG13,98.0,2017-02-24,6143667.296786389,28472.0,292279.0
115,101 Dalmatians,G,98.0,1996-11-27,75000000.0,45073479.0,136189294.0
116,Fantasia,G,96.0,1941-07-21,2280000.0,6047613.0,76408097.0
117,Tower,NR,100.0,2017-02-03,,8542.0,94329.0
118,Monsters Inc.,G,96.0,2001-11-02,115000000.0,32236.0,289916256.0
119,The Iron Giant,PG,96.0,1999-08-06,70000000.0,5732614.0,23159305.0
120,Spirited Away,PG,97.0,2003-03-28,19000000.0,1052197.0,10055859.0
121,Song Of The Sea,PG,99.0,2014-12-10,4265593.561368209,21910.0,857522.0
122,The Nightmare Before Christmas,PG,95.0,1993-10-29,18000000.0,,75082668.0
123,The Red Turtle ,PG,95.0,2017-01-20,,21010.0,920057.0
124,Only Yesterday,PG,100.0,2016-02-26,,8004.0,453243.0
125,Waltz with Bashir,R,96.0,2008-06-12,1500000.0,58091.64226639955,2283276.0
126,Your Name. ,PG,97.0,2017-08-18,,,
127,Antz,PG,96.0,1998-10-02,105000000.0,17195160.0,90757863.0
128,Persepolis,PG13,96.0,2008-02-22,7300000.0,22723.10286677909,4443403.0
129,Anomalisa,R,91.0,2016-01-21,8000000.0,135222.0,3442820.0
130,Fantastic Mr. Fox,PG,93.0,2009-11-25,40000000.0,910150.5608541779,21002919.0
131,In This Corner of the World ,PG13,98.0,2016-11-12,,,
132,Ernest & Célestine,PG,97.0,2014-02-28,6953498.478922208,13078.0,292562.0
133,The Secret World of Arrietty,G,94.0,2012-02-17,23000000.0,11152476.238497416,19202743.0
134,Aladdin,G,94.0,2019-05-24,,,
135,Ghost in the Shell,R,96.0,2017-03-31,110000000.0,18676033.0,40533014.0
136,Coraline,PG,90.0,2009-02-06,60000000.0,695126.7355505328,75286229.0
137,The Triplets of Belleville,PG13,94.0,2004-02-13,9500000.0,572207.0,7002255.0
138,Bambi,G,90.0,1942-08-21,,7216741.0,102797150.0
139,Frozen,PG,89.0,2013-11-27,150000000.0,67391326.0,400738009.0
140,My Neighbor Totoro,G,94.0,1988-04-16,3700000.0,,
141,How to Train Your Dragon 2,PG,91.0,2014-06-13,145000000.0,49451322.0,177002924.0
142,Long Way North ,PG,96.0,2016-09-30,5339028.2968499735,,
143,April and the Extraordinary World ,PG,96.0,2016-04-08,12400000.0,11413.0,294313.0
144,James and the Giant Peach,PG,93.0,1996-04-12,38000000.0,135378.0,28934758.0
145,The Little Mermaid,G,92.0,1989-11-17,40000000.0,9814520.0,111543479.0
146,Big Hero 6,PG,89.0,2014-11-07,165000000.0,56215889.0,222527828.0
147,Ponyo,G,92.0,2009-08-14,34000000.0,10930468.448858833,15090400.0
148,A Bug's Life,G,92.0,1998-11-25,120000000.0,33258052.0,162798565.0
149,Princess Mononoke ,PG13,92.0,2004-03-24,,,
150,Arthur Christmas,PG,92.0,2011-11-23,100000000.0,1361947.0053510412,46462469.0
151,Mary and Max,G,95.0,2009-04-09,11495535.714285715,156169.0,
152,The Little Prince,PG,93.0,2016-08-05,81200000.0,3113945.0,1339152.0
153,Bolt,PG,89.0,2008-11-21,150000000.0,26223128.0,114053579.0
154,Boy and the World ,PG,94.0,2014-01-17,,6591.0,129479.0
155,The Wind Rises,PG13,89.0,2014-02-21,30000000.0,7893833.433940221,5209580.0
156,Tangled,PG,89.0,2010-11-24,260000000.0,48767052.0,200821936.0
157,The Simpsons Movie,PG13,88.0,2007-07-27,75000000.0,186382.0,183135014.0
158,Shrek 2,PG,88.0,2004-05-19,150000000.0,644084.0,436471036.0
159,Shrek,PG,88.0,2001-05-18,60000000.0,42347760.0,267665011.0
160,Winnie the Pooh,G,91.0,2018-08-03,,,
161,Frankenweenie,PG,87.0,2012-10-05,39000000.0,11412213.0,35291068.0
162,When Marnie Was There,PG,91.0,2014-07-19,,40282.0,765127.0
163,The Peanuts Movie,G,87.0,2015-11-06,99000000.0,44213073.0,130178411.0
164,The Breadwinner,PG13,92.0,2017-11-17,,,66308.0
165,Kung Fu Panda,PG,87.0,2008-06-06,130000000.0,30885.0,215434591.0
166,Miss Hokusai ,PG13,92.0,2015-05-09,,24524.0,216202.0
167,Rango,PG,87.0,2011-03-04,135000000.0,1008377.2307692308,123477607.0
168,The Illusionist ,PG,90.0,2011-04-01,,,
169,Millennium Actress ,PG,92.0,2002-09-14,,18732.0,37285.0
170,Wreck-it Ralph,PG,87.0,2012-11-02,165000000.0,49038712.0,189422889.0
171,The Boy And The Beast ,PG13,91.0,2016-02-02,,274247.0,446142.0
172,ParaNorman,PG,87.0,2012-08-17,60000000.0,14087050.0,56003051.0
173,The Secret of Kells,G,91.0,2009-02-11,5041495.385092686,7085.0,686383.0
174,Tarzan,G,88.0,2016-07-01,180000000.0,38527856.0,126643061.0
175,Howl's Moving Castle,PG,87.0,2005-06-17,24000000.0,13272712.53330883,4711096.0
176,Kung Fu Panda 3,PG,86.0,2016-01-29,145000000.0,41282042.0,143528619.0
177,Tokyo Godfathers,PG13,90.0,2003-11-08,,37127.0,128985.0
178,My Dog Tulip,NR,90.0,2011-05-06,,14718.0,246574.0
179,Cloudy With a Chance of Meatballs,PG,87.0,2009-09-18,100000000.0,973530.062707488,124870275.0
180,The Pirates! Band of Misfits,PG,86.0,2012-04-27,55000000.0,11137734.0,31051126.0
181,Captain Underpants: The First Epic Movie ,PG,86.0,2017-06-02,38000000.0,23851539.0,73921000.0
182,The Princess and the Frog,G,85.0,2009-12-11,105000000.0,786190.0,104400899.0
183,Akira,R,87.0,1988-07-16,,,553171.0
184,Tim Burton's Corpse Bride,PG,84.0,2005-09-23,40000000.0,385078.0,53359111.0
185,Mulan,G,86.0,1998-06-19,90000000.0,22745143.0,120620254.0
186,Lilo & Stitch,PG,86.0,2002-06-21,80000000.0,35260212.0,145794338.0
187,The Cabinet of Dr. Caligari ,NR,100.0,1921-03-19,18000.0,,
188,Nosferatu a Symphony of Horror ,NR,97.0,1929-06-03,,,
189,The Battle of Algiers ,NR,99.0,1967-09-20,800000.0,13536.0,55908.0
190,La Grande illusion ,NR,97.0,1938-09-12,,7526.0,172885.0
191,Rashômon,NR,100.0,1951-12-26,250000.0,,
192,M,NR,100.0,,,,
193,The 400 Blows ,NR,100.0,1959-11-16,,,
194,Army of Shadows ,NR,97.0,1969-09-12,,12620.0,741766.0
195,The Conformist,R,100.0,1970-10-22,750000.0,,
196,Open City,NR,100.0,2008-01-10,,,
197,Tokyo Story ,G,100.0,1972-03-13,,,
198,The Wages of Fear,NR,100.0,1977-06-24,12000000.0,,
199,Battleship Potemkin,NR,100.0,1925-12-24,,2283.0,50970.0
200,The Leopard,PG,100.0,1963-03-29,,39102.0,
201,La Dolce Vita,NR,97.0,1961-04-19,,,19516000.0
202,Let the Right One In,R,98.0,2008-12-12,4000000.0,49295.0,2122065.0
203,Things to Come ,PG13,100.0,2016-04-06,2100000.0,33090.0,282382.0
204,Playtime,NR,100.0,1973-06-27,,,
205,The Rules of the Game ,NR,98.0,1950-04-08,,,
206,The Discreet Charm Of The Bourgeoisie ,PG,98.0,1972-10-22,800000.0,12864.0,198809.0
207,Gloria,R,99.0,1990-02-16,18000000.0,63661.0,26830000.0
208,Tampopo,NR,100.0,1987-09-01,,16410.0,224097.0
209,A Separation,PG13,99.0,2011-03-16,500000.0,100000.0,7098492.0
210,Pather Panchali,NR,98.0,1958-09-22,,,536364.0
211,The Salesman ,PG13,96.0,2016-08-31,,229106.0,3402067.0
212,Eyes Without a Face,NR,98.0,1962-10-24,,19628.0,52709.0
213,The Passion of Joan of Arc ,NR,98.0,1928-10-25,,6408.0,10437.0
214,8 1/2,NR,98.0,1963-06-25,,11947.0,50690.0
215,The Umbrellas of Cherbourg ,G,98.0,1964-12-16,,18425.0,18425.0
216,Three Colors: Red ,R,100.0,1994-11-23,,,4043686.0
217,The Tale of the Princess Kaguya,PG,100.0,2013-11-23,,284252550.0,1506975.0
218,Timbuktu,PG13,99.0,2014-12-10,,78544.0,1076075.0
219,Le Cercle Rouge,R,95.0,1970-10-20,,14843.0,372229.0
220,God's Own Country,NR,99.0,2017-10-25,,17768.0,224688.0
221,Faces Places ,PG,100.0,2017-06-28,,31006.0,504653.0
222,Truman,NR,100.0,2017-04-07,3579502.637528259,18258.0,208799.0
223,Amy,R,95.0,1999-09-19,,,
224,GETT: The Trial of Viviane Amsalem,NR,100.0,2014-06-25,,22916.0,987830.0
225,Phoenix,PG13,98.0,2014-09-25,,,
226,Sing Street,PG13,95.0,2016-03-17,,63573.0,3233839.0
227,Solaris,PG,96.0,1972-09-26,,,
228,After the Storm ,NR,97.0,2016-05-21,,27880.0,267773.0
229,The Handmaiden ,NR,95.0,2016-06-01,8388628.375374343,92129.0,2005473.0
230,Jiro Dreams of Sushi,PG,99.0,2012-03-15,,42035.0,2550508.0
231,Wings of Desire,PG13,98.0,1988-05-06,,,3210139.0
232,Aruitemo Aruitemo ,NR,100.0,2008-06-28,,20298.0,163512.0
233,Project Nim,PG13,98.0,2011-08-12,,25820.0,410077.0
234,Todo sobre mi madre ,R,98.0,2000-03-31,,99533.0,8264530.0
235,The Happiest Day in the Life of Olli Mäki ,NR,100.0,2016-09-02,1075461.5522495073,,
236,Le goût des autres ,R,100.0,2000-03-01,,22906.0,635282.0
237,Waste Land,NR,100.0,2011-01-21,1500000.0,8656.0,187716.0
238,The Band's Visit,PG13,98.0,2008-03-21,,67492.0,3053823.0
239,Poetry,NR,100.0,2011-02-11,1154221.7881559087,18900.0,355044.0
240,Sex Lies and Videotape,R,98.0,1989-09-22,1200000.0,37684.54458901936,24741700.0
241,The Vanishing ,R,98.0,1988-10-27,,,
242,The Wailing ,NR,99.0,2016-06-03,,133941.0,785405.0
243,Afghan Star,NR,100.0,2009-01-16,,3671.0,101543.0
244,A Prophet ,R,97.0,2010-02-01,,,
245,Under The Shadow,PG13,99.0,2016-10-07,,14000.0,30999.0
246,Elevator to the Gallows ,NR,93.0,1958-01-29,,14334.0,109257.0
247,About Elly,NR,99.0,2009-06-06,,700000000.0,106662.0
248,Fireworks Wednesday ,NR,100.0,2016-03-16,,,
249,Last Train Home,PG,100.0,2010-09-09,,24207.0,285848.0
250,This Is Not a Film,NR,98.0,2012-02-29,,7638.0,75465.0
251,Mafioso,NR,96.0,1965-03-04,,29965.0,398614.0
252,Monsieur Lazhar,PG13,97.0,2012-03-07,,112190.0,2009517.0
253,Three Colors: Blue ,R,98.0,1993-09-08,,,1324974.0
254,L'Avventura,NR,95.0,1961-03-04,,,
255,Nostalgia for the Light,NR,100.0,2011-03-17,,,
256,Bus 174 ,R,99.0,2003-08-30,,8625.0,216158.0
257,Maria Full of Grace,R,97.0,2004-08-06,3000000.0,139066.0,6517198.0
258,An Education,PG13,95.0,2010-02-05,2881106.344836417,159017.0,12574715.0
259,Moolaadé,NR,99.0,2005-03-09,,11982.0,214605.0
260,BPM ,NR,98.0,2017-08-23,,8566.0,79522.0
261,Rivers and Tides: Andy Goldsworthy Working With Time,G,99.0,2002-03-07,,,
262,Band of Outsiders ,NR,96.0,1964-08-05,120000.0,13252.0,37651.0
263,The Class,PG13,95.0,2006-09-18,,,
264,Aquarius,NR,97.0,2015-05-28,,,
265,The Look of Silence,PG13,96.0,2015-07-17,,6616.0,109089.0
266,Amour,PG13,93.0,2012-09-20,8900000.0,165414.7358665431,6739492.0
267,The Man Without a Past,PG,98.0,2002-11-06,,22392.0,921547.0
268,Graduation ,R,95.0,2016-05-20,2000000.0,67120.5496564647,175975.0
269,I Daniel Blake,R,93.0,2017-06-09,,337649.0,258168.0
270,The Kid with a Bike,PG13,96.0,2011-05-18,,45933.0,1384749.0
271,The Wizard of Oz,G,99.0,1939-08-25,2800000.0,3093998.0,22202612.0
272,Citizen Kane,PG,100.0,1941-09-05,839727.0,216239.0,1585634.0
273,The Third Man,NR,100.0,1949-08-31,,13576.0,449191.0
274,All About Eve,PG,100.0,1950-10-27,1400000.0,10177.0,10177.0
275,Modern Times,G,100.0,1936-02-25,1500000.0,11507.0,163245.0
276,It Happened One Night,NR,98.0,1934-02-22,325000.0,,
277,Singin' in the Rain,G,100.0,1952-04-11,2540800.0,,8819028.0
278,Casablanca,PG,97.0,1943-01-23,950000.0,181494.0,1024560.0
279,Psycho,R,97.0,1960-09-08,806947.0,,32000000.0
280,Laura,NR,100.0,1943-09-28,,,
281,A Hard Day's Night,G,98.0,1964-07-07,560000.0,50445.0,13780024.0
282,North by Northwest,NR,100.0,1959-09-26,3101000.0,,13275000.0
283,Repulsion,NR,100.0,1965-10-03,300000.0,,
284,Sunset Boulevard,G,98.0,1950-09-29,1752000.0,,
285,Rear Window,PG,100.0,1954-09-01,1000000.0,15172.0,36764313.0
286,The Bride of Frankenstein,NR,100.0,1935-05-06,397024.0,,
287,The Philadelphia Story,NR,100.0,1941-01-17,,,
288,12 Angry Men ,NR,100.0,1954-09-20,,,
289,All Quiet on the Western Front,PG,100.0,1930-08-24,1448864.0,,3270000.0
290,A Streetcar Named Desire,PG,98.0,1951-12-01,1800000.0,,8000000.0
291,Touch of Evil,PG13,96.0,1958-02-01,829000.0,70725.0,2237659.0
292,Vertigo,PG,97.0,1958-07-21,2479000.0,1486818.0,3200000.0
293,Frankenstein,NR,100.0,1994-11-04,45000000.0,11212889.0,22006296.0
294,Dr. Strangelove Or How I Learned to Stop Worrying and Love the Bomb,PG,99.0,1964-01-29,1800000.0,,275902.0
295,Rosemary's Baby,R,99.0,1968-06-12,2300000.0,,
296,Rebecca,NR,100.0,1940-04-12,1288000.0,,
297,On the Waterfront,NR,98.0,1954-06-22,910000.0,,9600000.0
298,The Last Picture Show,R,100.0,1971-10-22,1300000.0,,29133000.0
299,The Grapes of Wrath,G,100.0,1940-03-15,800000.0,,
300,Roman Holiday,NR,98.0,1953-09-02,1500000.0,,
301,Anatomy of a Murder,G,100.0,1959-09-01,,,11900000.0
302,The Lady Vanishes,PG,98.0,1938-11-01,,,
303,Chinatown,R,98.0,1974-06-20,6000000.0,,29200000.0
304,Gone With the Wind,G,93.0,1940-01-17,3977000.0,1192593.0,198676459.0
305,Cool Hand Luke,PG,100.0,1967-11-01,3200000.0,,
306,An American in Paris,G,95.0,1951-11-11,2723903.0,,4500000.0
307,The Red Shoes,R,96.0,1948-09-06,,13336.0,10900000.0
308,The Gold Rush,G,100.0,1925-01-01,923000.0,,5450000.0
309,It's a Wonderful Life,PG,94.0,1947-01-07,3180000.0,,7270000.0
310,Sweet Smell of Success,NR,98.0,1957-07-04,2600000.0,,
311,To Be or Not to Be,PG,98.0,1942-03-06,,,
312,Invasion of the Body Snatchers,PG,98.0,1978-12-22,3500000.0,1298129.0,24946533.0
313,The Big Sleep,PG,96.0,1946-08-31,250000.0,,
314,Mary Poppins,G,100.0,1964-09-11,6000000.0,,102272727.0
315,City Lights,G,98.0,1931-03-07,1500000.0,,19181.0
316,His Girl Friday,PG,98.0,1940-01-18,,,
317,Barry Lyndon,PG,97.0,1975-12-18,11000000.0,,
318,Miracle on 34th Street,NR,96.0,1947-10-02,,,2650000.0
319,Freaks,NR,94.0,1932-02-20,310607.0,,
320,Gentlemen Prefer Blondes,G,98.0,1953-08-01,,,12000000.0
321,Mean Streets,R,98.0,1973-10-14,500000.0,32645.0,32645.0
322,The Manchurian Candidate,PG13,98.0,2004-07-30,80000000.0,20018620.0,65955630.0
323,The Best Years of Our Lives,NR,96.0,1947-01-01,2100000.0,,23650000.0
324,Forbidden Planet,G,98.0,1956-08-22,1900000.0,,3000000.0
325,Duck Soup,NR,94.0,1933-11-17,,,
326,The Day the Earth Stood Still,G,94.0,2008-12-12,80000000.0,26609.0,79366978.0
327,Some Like It Hot,G,96.0,1959-04-14,2883848.0,,25000000.0
328,2001: A Space Odyssey,G,94.0,1968-05-12,12000000.0,,56954992.0
329,One Flew Over the Cuckoo's Nest,R,95.0,1975-11-19,4400000.0,99761.0,112000000.0
330,Sunrise: A Song of Two Humans,NR,98.0,1927-11-04,,5801.0,
331,Bringing Up Baby,NR,95.0,1938-02-18,1073000.0,,
332,Peeping Tom,R,96.0,1962-05-15,,77752.0,83957.0
333,The Birds,PG13,96.0,1963-03-29,2500000.0,,11403529.0
334,Rebel Without a Cause,PG13,96.0,1955-10-29,1500000.0,,
335,Night of the Living Dead,R,96.0,1968-10-04,114000.0,5452.0,89029.0
336,Don't Look Now,R,96.0,1974-01-01,1500000.0,,
337,The Apartment,NR,93.0,1960-09-16,3000000.0,,18600000.0
338,Get Out,R,99.0,2017-02-24,5000000.0,33377060.0,175484140.0
339,The Big Sick,R,98.0,2017-07-14,5000000.0,7529590.0,42872467.0
340,Lady Bird,R,100.0,2018-02-15,,364437.0,12545451.0
341,La La Land,PG13,92.0,2016-12-25,30000000.0,9242782.0,151101803.0
342,Monty Python and the Holy Grail,PG,97.0,1975-05-25,,45487.0,1229197.0
343,Love & Friendship,PG,98.0,2016-06-03,3000000.0,133513.0,14013564.0
344,Before Midnight,R,98.0,2013-06-14,3000000.0,246914.0,8114627.0
345,Paterson,R,96.0,2016-11-17,,143031.0,2141423.0
346,The Artist,PG13,96.0,2012-01-20,15000000.0,46560.086499845536,44671682.0
347,Annie Hall,PG,97.0,1977-04-20,4000000.0,,39200000.0
348,Logan Lucky,PG13,93.0,2017-08-18,29000000.0,7600036.0,27780977.0
349,Birdman,R,91.0,2014-11-14,18000000.0,2471471.0,42340598.0
350,Paddington,PG,98.0,2015-01-16,55000000.0,3431093.047845625,76223578.0
351,Airplane!,PG,97.0,1980-07-02,3500000.0,,83400000.0
352,Big,PG,97.0,1988-06-03,18000000.0,759632.9820210787,114968774.0
353,Spy,R,94.0,2015-06-05,65000000.0,2855570.0,110825712.0
354,The Grand Budapest Hotel,R,92.0,2014-03-28,25000000.0,920982.7492937429,59100318.0
355,The Nice Guys,R,92.0,2016-05-20,50000000.0,11203270.0,36261763.0
356,Before Sunrise,R,100.0,1995-01-27,2500000.0,1423537.0,5535405.0
357,Don't Think Twice,R,98.0,2016-07-22,,92835.0,4417983.0
358,Monty Python's Life of Brian,R,97.0,1979-08-17,4000000.0,26376.0,20045115.0
359,The Muppets,PG,96.0,,,,
360,Sideways,R,96.0,2005-01-21,12000000.0,207042.0,71503593.0
361,Amadeus,R,95.0,1984-09-19,18000000.0,86764.0,51973029.0
362,Bull Durham,R,97.0,1988-06-15,7000000.0,,50888729.0
363,Tangerine,R,97.0,2015-07-10,100000.0,74934.0,701837.0
364,The Player,R,98.0,1992-05-08,8000000.0,302216.0,21706100.0
365,What We Do In The Shadows,R,96.0,2015-02-13,1600000.0,200108.0,3333000.0
366,Lucky,NR,98.0,,,,
367,Sense and Sensibility,PG,98.0,1996-01-26,16000000.0,3355517.6314038592,43182776.0
368,The Edge of Seventeen,R,95.0,2016-11-18,9000000.0,4754215.0,14260193.0
369,Moonrise Kingdom,PG13,93.0,2012-06-29,16000000.0,522996.0,45512466.0
370,We Are the Best!,NR,97.0,2014-06-20,,17664.0,180222.0
371,Brazil,R,98.0,1985-12-18,15000000.0,30099.0,9929135.0
372,Repo Man,R,98.0,1984-03-02,1500000.0,95300.0,3569083.0
373,Enough Said,PG13,95.0,2013-10-11,8000000.0,232800.0,17536788.0
374,Lost In Translation,R,95.0,2003-10-03,4000000.0,167255.0,44585453.0
375,The Truman Show,PG,94.0,1998-06-05,60000000.0,31542121.0,125618201.0
376,Broadcast News,R,98.0,1987-12-25,20000000.0,197542.0,51249404.0
377,Manhattan,R,96.0,2011-05-06,150000000.0,3319303.16135713,181030624.0
378,Say Anything...,PG13,98.0,1989-04-14,,,20781385.0
379,Le Havre,PG,99.0,2011-09-08,2760450.2760450277,26363.0,611709.0
380,Groundhog Day,PG,96.0,1993-02-12,14600000.0,14652108.0,70906973.0
381,Hairspray,PG,98.0,2007-07-20,75000000.0,994803.0730331616,118871849.0
382,The Disaster Artist,R,95.0,2017-12-08,,,
383,Man on Wire,PG13,100.0,2008-08-29,549752.6113249038,51392.0,2957978.0
384,I Am Not Your Negro,PG13,98.0,2017-02-17,,686378.0,7120626.0
385,Life Itself,R,97.0,,,,
386,20 Feet From Stardom,PG13,99.0,2013-07-26,1000000.0,54596.0,4946445.0
387,The Last Waltz,PG,98.0,1978-04-26,,16151.0,321952.0
388,Weiner,R,97.0,2016-05-26,,84173.0,1612203.0
389,Taxi to the Dark Side,R,100.0,2009-01-23,1000000.0,13656.0,274661.0
390,City of Ghosts,R,99.0,2017-07-21,,8304.0,128015.0
391,Blackfish,PG13,98.0,2013-10-18,,75962.0,2063312.0
392,Murderball,R,98.0,2005-08-05,1750211.0,57286.0,1523883.0
393,Kedi,NR,98.0,2017-02-10,,40103.0,2834262.0
394,Cameraperson,NR,99.0,2017-01-27,,12760.0,101074.0
395,Jodorowsky's Dune,PG13,98.0,2016-03-16,,36018.0,646512.0
396,Jane,PG,99.0,2017-10-05,,58348.0,1179919.0
397,Deliver Us from Evil,NR,100.0,2014-07-02,30000000.0,9740471.0,30577122.0
398,Inside Job,PG13,98.0,2010-11-12,2000000.0,39649.0,4312735.0
399,Anvil! The Story of Anvil,NR,98.0,2009-02-20,,34651.0,666659.0
400,Whose Streets?,R,99.0,2017-08-11,,43804.0,182799.0
401,The Missing Picture,NR,99.0,2014-03-19,,10148.0,52164.0
402,Seymour: An Introduction,PG,100.0,2015-09-10,,26587.0,580000.0
403,The Square ,NR,100.0,2014-01-10,1500000.0,16359.0,124244.0
404,Bright Lights: Starring Carrie Fisher and Debbie Reynolds,NR,100.0,2017-01-07,,,
405,The Fog of War: Eleven Lessons from the Life of Robert S. McNamara,PG13,98.0,2004-03-05,,41449.0,4193943.0
406,Spellbound,G,98.0,1945-12-28,1696377.0,,7000000.0
407,The Work,NR,100.0,2017-09-08,,3286.0,5853.0
408,Hoop Dreams,PG13,98.0,1994-10-14,700000.0,,7830611.0
409,O.J.: Made in America,NR,100.0,2016-08-04,,,
410,Mr. Death: The Rise and Fall of Fred A. Leuchter Jr.,PG13,100.0,2000-01-14,,24125.0,495318.0
411,Dawson City: Frozen Time,NR,100.0,2016-10-02,,15922.0,130526.0
412,Citizenfour,R,96.0,2014-11-28,,193957.0,2800870.0
413,The Interrupters,NR,99.0,2011-08-12,,3557.0,282448.0
414,How to Survive a Plague,NR,99.0,2013-11-08,,28250.0,132055.0
415,3 And 1/2 Minutes 10 Bullets,NR,100.0,2015-10-02,,396.0,21108.0
416,Iris,PG13,98.0,2016-11-16,,,
417,The Act Of Killing,NR,96.0,2012-11-08,1000000.0,27450.0,486919.0
418,Sound City,NR,100.0,2013-01-18,,62842.0,422417.0
419,The Invisible War,NR,99.0,2012-01-20,,,71968.0
420,Capturing the Friedmans,R,97.0,2003-07-18,,65154.0,3117985.0
421,Kurt Cobain: Montage Of Heck,NR,98.0,2015-05-04,,,
422,Everyday Sunshine: The Story of Fishbone,NR,100.0,2010-06-01,,,
423,We Were Here,NR,100.0,2011-09-01,,,
424,Heart of a Dog,NR,98.0,2016-03-01,,13893.0,418571.0
425,Enron: The Smartest Guys in the Room,R,97.0,2005-05-20,,,
426,Bill Cunningham New York,NR,99.0,2011-03-16,,33677.0,1510026.0
427,Bowling for Columbine,R,96.0,2002-11-15,4000000.0,209148.0,21244913.0
428,When We Were Kings,PG,98.0,1997-02-14,,,2666118.0
429,Listen To Me Marlon,NR,97.0,2015-07-29,,38080.0,426130.0
430,The Overnighters,PG13,98.0,2014-10-31,,4324.0,108814.0
431,Elaine Stritch: Shoot Me,NR,98.0,2013-04-19,,27853.0,303100.0
432,56 Up,NR,98.0,2012-05-14,,22088.0,701278.0
433,Hitchcock/Truffaut,PG13,96.0,2016-03-31,,28178.0,304899.0
434,March of the Penguins,G,94.0,2005-07-22,8000000.0,65268.0,77437223.0
435,The King of Kong: A Fistful of Quarters,PG13,97.0,2008-02-28,,51493.0,677914.0
436,West of Memphis,R,96.0,2012-11-22,,13360.0,309864.0
437,The War Tapes,NR,98.0,2006-04-29,,2753.0,254190.0
438,Cave of Forgotten Dreams,G,96.0,2011-08-31,,139101.0,5234785.0
439,Dina,NR,98.0,1984-12-14,40000000.0,,30925690.0
440,Ingrid Bergman in Her Own Words ,NR,98.0,2015-08-28,,8355.0,137927.0
441,Winged Migration,G,96.0,2003-08-29,,58946.0,10762178.0
442,Trophy,NR,98.0,2017-09-08,,3522.0,21439.0
443,The Last Laugh,NR,98.0,1925-01-05,,,
444,Ai Weiwei: Never Sorry,R,97.0,2012-06-14,,41104.0,485519.0
445,Beware Of Mr. Baker,NR,98.0,2013-05-17,,12195.0,114271.0
446,Jafar Panahi's Taxi,NR,96.0,2015-04-15,,166.0,321642.0
447,Undefeated,PG13,96.0,2012-08-03,,33165.0,562218.0
448,The Beatles: Eight Days a Week - The Touring Years,NR,96.0,2016-09-16,,615632.0,2930414.0
449,Marwencol,NR,98.0,2018-11-21,,,
450,Finders Keepers,R,98.0,2014-10-18,,,
451,Mea Maxima Culpa: Silence In The House Of God,NR,98.0,2012-11-16,1000000.0,,
452,Blindsight,PG,98.0,2008-08-08,105000.0,7127.0,88283.0
453,Red Army,PG,96.0,2015-01-29,,20100.0,694600.0
454,The Devil Came on Horseback,NR,98.0,2008-04-11,,11143.0,132309.0
455,The Island President,PG,98.0,2012-03-30,,13998.0,75233.0
456,Sicko,PG13,92.0,2007-07-03,9000000.0,68969.0,24540079.0
457,For the Bible Tells Me So,PG13,98.0,2007-10-05,,9438.0,309123.0
458,Welcome To Leith,NR,98.0,2015-12-15,,3707.0,36010.0
459,Let The Fire Burn,NR,98.0,2013-10-02,,5226.0,59033.0
460,Almost Holy ,R,98.0,2016-05-20,,4195.0,11738.0
461,Call Me Kuchu,NR,98.0,2013-06-14,,571.0,8941.0
462,Restrepo,R,96.0,2010-08-06,,35581.0,1330894.0
463,Surfwise,R,98.0,2008-05-09,127000.0,10304.0,268560.0
464,Born To Be Wild,G,98.0,1997-07-02,,2875117.0,7324662.0
465,The Life and Times of Hank Greenberg,PG,97.0,2000-07-21,,14371.0,1703901.0
466,The Life of Reilly,NR,98.0,2006-03-12,,2798.0,38306.0
467,Chavez: Inside the Coup,NR,98.0,2003-09-12,,,
468,Exit Through The Gift Shop,R,96.0,2010-05-14,,170756.0,3291250.0
469,The Godfather,R,99.0,1972-03-24,6000000.0,5555.3424131977745,134966411.0
470,Moonlight,R,98.0,2016-11-18,1500000.0,1488740.0,27850912.0
471,Spotlight,R,97.0,2015-11-20,20000000.0,295009.0,45055776.0
472,Boyhood,R,97.0,2014-08-15,4000000.0,,25379975.0
473,12 Years a Slave,R,96.0,2013-11-08,20000000.0,923715.0,56671993.0
474,Gravity,PG13,96.0,2013-10-04,100000000.0,,274092705.0
475,The Maltese Falcon,PG,100.0,1941-10-18,375000.0,,
476,Selma,PG13,99.0,2015-01-09,20000000.0,11307394.0,52076908.0
477,Taxi Driver,R,99.0,1976-02-08,1300000.0,,28262574.0
478,Argo,R,96.0,2012-10-12,44500000.0,19458109.0,136025503.0
479,Arrival,PG13,94.0,2016-11-11,47000000.0,24000000.0,100546139.0
480,Hell or High Water,R,98.0,2016-08-26,12000000.0,621329.0,26862450.0
481,Alien,R,97.0,1979-06-22,11000000.0,,78900000.0
482,Bicycle Thieves ,NR,98.0,1949-12-13,133000.0,25010.0,332930.0
483,The Night of the Hunter,PG,98.0,1955-11-24,795000.0,,
484,The Babadook,NR,98.0,2014-11-28,2000000.0,559147.0,924279.0
485,Manchester by the Sea,R,95.0,2016-12-16,8500000.0,4223828.0,47695120.0
486,The Wrestler,R,98.0,2009-01-30,6000000.0,202714.0,26236603.0
487,L.A. Confidential,R,99.0,1997-09-19,35000000.0,5211198.0,64616940.0
488,Brooklyn,PG13,96.0,2015-11-25,11000000.0,187281.0,38317535.0
489,The Godfather Part II,R,97.0,1974-12-20,13000000.0,,57300000.0
490,Creed,PG13,95.0,2015-11-25,35000000.0,29632823.0,109767581.0
491,Whiplash,R,94.0,2014-10-15,3300000.0,135388.0,13092000.0
492,The Social Network,PG13,96.0,2010-10-01,40000000.0,22445653.0,96962694.0
493,Room,R,94.0,2016-01-22,13000000.0,1335563.0,14677654.0
494,Nightcrawler,R,95.0,2014-10-31,8500000.0,10900000.0,32381218.0
495,Short Term 12,R,99.0,2013-08-23,,56206.0,1010414.0
496,Carol,R,94.0,2016-01-15,11800000.0,253510.0,12711491.0
497,Mud,PG13,98.0,2013-05-10,10000000.0,2215460.0,21590086.0
498,Mr. Turner,R,97.0,2014-10-31,5125320.332520782,109000.0,3958546.0
499,Double Indemnity,NR,96.0,1944-07-06,927262.0,,5720000.0
500,It Follows,R,97.0,2015-03-27,2000000.0,160089.0,14673301.0
501,Pan's Labyrinth,R,95.0,2007-01-19,10410240.592227021,1545313.0,37634615.0
502,Evil Dead 2: Dead by Dawn,R,98.0,1987-03-13,3600000.0,807260.0,5923044.0
503,The Witch,R,91.0,2016-02-19,3500000.0,8800230.0,25138292.0
504,The Cabin in the Woods,R,92.0,2012-04-13,30000000.0,14743614.0,42073277.0
505,The Silence of the Lambs,R,95.0,1991-02-14,19000000.0,13766814.0,130742922.0
506,The Innocents,NR,96.0,2016-02-10,5346640.527535198,127112.0,1063893.0
507,A Girl Walks Home Alone at Night,NR,96.0,2015-04-20,,,
508,Cat People,R,93.0,1982-04-02,18000000.0,1617636.0,7000000.0
509,Drag Me to Hell,PG13,92.0,2009-05-29,30000000.0,1180526.608910891,42100625.0
510,The Evil Dead,R,95.0,1983-04-15,350000.0,,2400000.0
511,Carrie,R,93.0,1976-11-16,1800000.0,,33800000.0
512,Young Frankenstein,PG,93.0,1974-12-15,2800000.0,,86300000.0
513,Halloween,R,93.0,2018-10-19,,,
514,The Loved Ones,R,98.0,2010-11-04,,,
515,It,R,85.0,2017-09-08,35000000.0,,327235912.0
516,Nosferatu: Phantom der Nacht ,PG,94.0,1979-01-17,,,
517,Room 237,NR,94.0,2012-10-26,,29693.0,259765.0
518,The Love Witch,NR,95.0,2017-03-10,,37607.0,228894.0
519,Green Room,R,90.0,2016-05-13,5000000.0,87984.0,3219029.0
520,Re-Animator,R,94.0,1985-10-18,900000.0,543728.0,2023414.0
521,Train to Busan ,NR,95.0,2016-07-20,8754037.79993522,284776.0,2129768.0
522,A Nightmare on Elm Street,R,94.0,1984-11-16,1800000.0,1271000.0,25504513.0
523,The Host,R,93.0,2013-03-29,40000000.0,,26627201.0
524,Shaun of the Dead,R,92.0,2004-09-24,2218401.641617215,1603410.0,13542874.0
525,Dracula,NR,91.0,1992-11-13,40000000.0,30521679.0,82522790.0
526,Zombieland,R,90.0,2009-10-02,23600000.0,24733155.0,75590286.0
527,Suspiria,R,93.0,2018-01-01,,,
528,It Comes At Night,R,88.0,2017-06-09,5000000.0,5988370.0,13985117.0
529,What Ever Happened to Baby Jane?,NR,92.0,1963-01-01,980000.0,,
530,Eraserhead,R,91.0,1978-02-03,20000.0,,7000000.0
531,Raw,R,90.0,2017-03-15,3292568.203198495,48468.0,508425.0
532,Dawn of the Dead,R,93.0,2004-03-19,26000000.0,26722575.0,59020957.0
533,Phantom Of The Opera,NR,91.0,1925-11-15,,,720861.0
534,The Fly,R,91.0,1986-08-15,15000000.0,7007423.0,40456565.0
535,We Are Still Here,NR,95.0,2015-12-08,,,
536,The Wicker Man,R,90.0,1974-08-07,210419.99831664003,5493.0,60891.0
537,The Texas Chainsaw Massacre,R,88.0,1974-10-04,300000.0,,30859000.0
538,Don't Breathe,R,87.0,2016-08-26,9900000.0,26411706.0,89210468.0
539,Little Shop of Horrors,PG13,90.0,1986-12-19,25000000.0,3659884.0,38747385.0
540,The Blair Witch Project,R,87.0,1999-07-30,60000.0,29207381.0,140539099.0
541,The Shining,R,87.0,1980-06-13,19000000.0,622337.0,44017374.0
542,An American Werewolf in London,R,90.0,1981-08-21,10000000.0,3786512.0,30565292.0
543,The Exorcist,R,86.0,2016-09-23,,,
544,The Conjuring,R,86.0,2013-07-19,20000000.0,41855326.0,137400141.0
545,The Dead Zone,R,90.0,1983-10-21,10000000.0,4556083.0,20766000.0
546,Misery,R,89.0,1990-11-30,20000000.0,10076834.0,61276872.0
547,Let Me In,R,87.0,2010-10-01,20000000.0,5147479.0,12134420.0
548,Poltergeist,PG,88.0,1982-06-04,10700000.0,6896612.0,76606280.0
549,28 Days Later,R,87.0,2003-06-27,8000000.0,2401663.0,45064915.0
550,Cronos,R,90.0,1994-05-01,2000000.0,,621392.0
551,Bone Tomahawk,NR,90.0,2016-02-19,1800000.0,,
552,The Orphanage,R,87.0,2008-01-11,2299316.967606682,5247378.0,7161284.0
553,Near Dark,R,88.0,1988-01-01,5000000.0,,3369307.0
554,Gerald's Game,NR,90.0,2017-09-29,,,
555,Donnie Darko: The Director's Cut,R,91.0,2001-10-26,4500000.0,23871.763255240443,194220.0
556,Henry: Portrait of a Serial Killer,NC17,86.0,1990-09-07,111000.0,,609939.0
557,Russian Ark,G,89.0,2003-04-19,,29022.0,37439.0
558,Chronicle,PG13,85.0,2012-02-03,12000000.0,1389867.5454718296,64575175.0
559,Goodnight Mommy,R,86.0,2015-09-11,,57252.0,1168902.0
560,The Descent,R,85.0,2006-08-04,1832652.6337836424,570850.0,26024456.0
561,The Omen,R,86.0,1976-06-25,2800000.0,4273886.0,4273886.0
562,Exorcist: The Version You've Never Seen,R,88.0,2000-09-23,,,
563,Slither,R,86.0,2006-03-31,15500000.0,3880270.0,7774730.0
564,Ginger Snaps,R,89.0,2001-05-11,5000000.0,19079.494956619877,2554.0
565,This Is the End,R,82.0,2013-06-12,32000000.0,20719162.0,101470202.0
566,A Field in England,NR,88.0,2013-07-05,211938.2964453387,9498.0,30716.0
567,Altered States,R,86.0,1980-12-25,,174650.0,19853892.0
568,The Autopsy of Jane Doe,R,87.0,2016-12-21,,251128.0,
569,Spring,NR,88.0,2015-03-20,,19675.0,48949.0
570,Grindhouse,R,83.0,2007-04-06,53000000.0,11596613.0,25031037.0
571,Gremlins,PG,84.0,1984-06-08,11000000.0,12511000.0,148170000.0
572,Backcountry,R,88.0,2015-03-20,,,
573,Paranormal Activity,R,83.0,2009-10-16,15000.0,19617650.0,107918810.0
574,The Thing,R,83.0,1982-06-25,15000000.0,3107897.0,13782838.0
575,We Are What We Are,R,86.0,2013-10-25,,13727.0,76633.0
576,The House of the Devil,R,86.0,2012-05-04,900000.0,25195.0,100659.0
577,Dracula: Pages From a Virgin's Diary,NR,87.0,2003-12-12,1216730.0380228139,4784.0,39659.0
578,E.T. The Extra-Terrestrial,PG,98.0,1982-06-11,10500000.0,14223110.0,435110554.0
579,My Fair Lady,G,96.0,1964-12-25,17000000.0,,72000000.0
580,Hugo,PG,94.0,2011-11-23,150000000.0,1321700.0074923204,73864507.0
581,The Straight Story,G,96.0,1999-11-03,10000000.0,92312.0,6203044.0
582,Enchanted,PG,93.0,2007-11-21,85000000.0,34440317.0,127807262.0
583,Queen of Katwe,PG,93.0,2016-09-30,15000000.0,304933.0,8805918.0
584,Harry Potter and the Prisoner of Azkaban,PG,91.0,2004-06-04,130000000.0,1517007.0,249358727.0
585,A Monster Calls,PG13,87.0,2017-01-06,43000000.0,30909.0,3730982.0
586,The Secret of Roan Inish,PG,95.0,1995-02-03,3000000.0,,6101600.0
587,Jason and the Argonauts,G,93.0,1963-06-19,1000000.0,,
588,Spy Kids,PG,93.0,2001-03-30,35000000.0,799738.548273432,112719001.0
589,How Green Was My Valley,NR,90.0,1942-04-09,1250000.0,,
590,Harry Potter and the Goblet of Fire,PG13,88.0,2005-11-18,150000000.0,8709337.493439086,290013036.0
591,That Thing You Do!,PG,93.0,1996-10-04,26000000.0,6208595.0,25809813.0
592,L'Heure d'été ,NR,93.0,2009-06-05,3145103.6454610433,58229.0,1641025.0
593,Pete's Dragon,PG,87.0,2016-08-12,65000000.0,773284.9982098102,76204454.0
594,First Position,NR,93.0,2012-08-10,,48024.0,1100000.0
595,Lassie,PG,93.0,1954-09-12,,,
596,Willy Wonka and the Chocolate Factory,G,90.0,2004-05-16,,,
597,Duma,PG,93.0,2005-05-27,12000000.0,105422.0,860002.0
598,A Christmas Story,PG,89.0,1983-11-18,3300000.0,2072473.0,19294144.0
599,The Sound of Music,G,86.0,1965-03-29,8200000.0,,163214286.0
600,Harry Potter and the Half-Blood Prince,PG,84.0,2009-07-15,250000000.0,12035357.381835878,301959197.0
601,Pee-wee's Big Adventure,PG,89.0,1985-08-09,6000000.0,99184.0,40900000.0
602,The Muppet Movie,G,88.0,1979-06-22,,,76657000.0
603,Millions,PG,87.0,2005-04-29,,70224.0,6583149.0
604,Freaky Friday,PG,88.0,2003-08-06,26000000.0,22203007.0,110230332.0
605,The Karate Kid,PG,88.0,1984-06-22,8000000.0,5031753.0,90815558.0
606,Cinderella,PG,84.0,2015-03-13,95000000.0,2611209.0,201151353.0
607,Disneynature Bears,G,89.0,2014-04-04,,,
608,Once,R,97.0,2007-06-15,134680.13468013468,36945.0,9439923.0
609,West Side Story,PG,94.0,1961-12-23,6000000.0,,43656822.0
610,What's Love Got To Do With It?,R,96.0,1993-06-25,15000000.0,1071342.536202463,39100956.0
611,Nashville,R,94.0,2012-01-01,,,
612,Wordplay,PG,95.0,2006-07-21,,32847.0,3117666.0
613,Muscle Shoals,PG,96.0,2013-10-25,,13901.0,695625.0
614,Marley,PG13,95.0,2012-04-20,,262004.0,1412124.0
615,Love & Mercy,PG13,91.0,2015-06-19,10000000.0,2122177.0,12547189.0
616,Les Plages d'Agnès ,NR,96.0,2008-12-17,,2948.0,239711.0
617,Searching for Sugar Man,PG13,94.0,2012-07-26,,27459.0,3965090.0
618,20000 Days on Earth,NR,95.0,2014-11-18,,27879.0,277770.0
619,Festival Express,R,96.0,2004-04-29,,12074.0,1172345.0
620,Born Into Brothels,R,95.0,2005-03-11,,10580.0,3410863.0
621,Crumb,R,95.0,1995-04-28,,,3174695.0
622,The Full Monty,R,95.0,1997-09-19,3500000.0,2914175.0,45950122.0
623,Pina,PG,95.0,2011-02-24,2347730.897491663,488640.0,3524826.0
624,Crazy Heart,R,91.0,2010-02-05,7000000.0,82664.0,39462438.0
625,Funny Girl,G,93.0,1968-09-19,14100000.0,65560.0,223306.0
626,49 Up,NR,95.0,2005-09-15,,36364.0,238073.0
627,Lagaan: Once Upon a Time in India,PG,95.0,2002-05-08,6000000.0,62809.46810706668,70147.0
628,Lost in La Mancha,R,94.0,2002-08-02,,42824.0,734514.0
629,My Kid Could Paint That,PG13,94.0,2007-12-14,,26290.0,231274.0
630,End of the Century: The Story of the Ramones,NR,95.0,2004-11-27,,18422.0,391950.0
631,Hedwig and the Angry Inch,R,93.0,2001-08-31,6000000.0,156724.0,3029081.0
632,The Wrecking Crew,PG,94.0,1968-12-25,,,
633,Marina Abramovic: The Artist Is Present,NR,95.0,2012-07-05,,11041.0,86217.0
634,Dave Chappelle's Block Party,R,92.0,2006-03-03,3000000.0,6214723.0,11694528.0
635,Presenting Princess Shaw,NR,95.0,2016-05-27,,8775.0,60197.0
636,The Filth and the Fury,R,95.0,2000-05-12,,13305.0,606643.0
637,The Sapphires,PG13,91.0,2012-08-09,10000000.0,38372.0,2448455.0
638,Los Angeles Plays Itself,NR,95.0,2004-01-01,,,
639,U2 3D,G,93.0,2008-02-22,,964315.0,10353690.0
640,Straight Outta Compton,R,87.0,2015-08-14,28000000.0,56100000.0,161197785.0
641,A Band Called Death,NR,94.0,2013-06-28,,34839.0,125856.0
642,My Architect,NR,93.0,2003-11-12,,37929.0,2748981.0
643,Florence Foster Jenkins,PG13,87.0,2016-08-12,29000000.0,6601313.0,27370107.0
644,Every Little Step,PG13,92.0,2009-06-12,,68504.0,1724351.0
645,Sunshine on Leith,PG,93.0,2013-10-04,,770239.0,
646,Scratch,R,93.0,2015-01-01,,,
647,F for Fake,PG,88.0,1975-03-12,,,
648,Ballets Russes,NR,92.0,2006-04-19,,40199.0,815848.0
649,Sweeney Todd: The Demon Barber of Fleet Street,R,86.0,2007-12-21,50000000.0,13635390.0,52898073.0
650,Shine,PG13,91.0,1997-02-14,5500000.0,162179.0,35811509.0
651,Standing in the Shadows of Motown,PG,91.0,2002-11-29,,114442.0,1600547.0
652,Chicago,PG13,86.0,2003-01-24,45000000.0,69476.71568627452,170687518.0
653,Five Easy Pieces,R,87.0,1971-02-19,1600000.0,,
654,Neil Young: Heart of Gold,PG,90.0,2006-05-11,,53908.0,1827544.0
655,Sid and Nancy,R,87.0,1986-11-07,4000000.0,,2826523.0
656,Mistaken for Strangers,G,91.0,2014-03-28,,87743.0,137460.0
657,Buena Vista Social Club,G,91.0,1999-06-04,,127370.0,6997620.0
658,Topsy-Turvy,R,89.0,2000-02-11,6280223.575959304,32718.0,6201757.0
659,The Devil and Daniel Johnston,PG13,89.0,2006-05-05,,23192.0,332261.0
660,Caesar Must Die,NR,91.0,2012-03-02,,,
661,Who Killed the Electric Car?,PG,89.0,2006-08-04,1000000.0,45138.0,1677838.0
662,Metallica: Some Kind of Monster,R,89.0,2004-07-30,,46359.0,1222708.0
663,Born To Be Blue,R,88.0,2016-03-30,,46184.0,830129.0
664,The Punk Singer,NR,90.0,2013-03-10,,24729.0,121418.0
665,Saturday Night Fever,R,87.0,1977-12-16,3000000.0,3878099.0,94213184.0
666,Dig!,R,90.0,2005-04-13,,20437.0,127067.0
667,Beats Rhymes & Life: The Travels of a Tribe Called Quest,R,90.0,2012-01-19,,111982.0,1200046.0
668,High Noon,PG,96.0,1952-07-30,730000.0,,9450000.0
669,Strangers on a Train,PG,98.0,1951-06-30,1200000.0,,7630000.0
670,The Conversation,PG,98.0,1974-06-01,1600000.0,,4420000.0
671,Eye In The Sky,R,95.0,2016-04-01,13000000.0,113803.0,18700837.0
672,Blood Simple,R,94.0,1985-01-18,1500000.0,42971.0,2150000.0
673,Bridge of Spies,PG13,91.0,2015-10-16,40000000.0,15371203.0,72313754.0
674,The Crying Game,R,97.0,1993-02-19,1583476.764199656,101107.0,62549000.0
675,The Imitation Game,PG13,91.0,2014-12-25,14000000.0,1423274.0,91125683.0
676,Wake in Fright,R,100.0,1971-10-09,,6761.0,50394.0
677,Ex Machina,R,92.0,2015-04-24,15000000.0,30733.0,25442958.0
678,Blue Ruin,R,96.0,2014-07-09,1066167.0,32608.0,258113.0
679,10 Cloverfield Lane,PG13,90.0,2016-03-11,15000000.0,24702752.0,71897215.0
680,In the Heat of the Night,G,96.0,1967-10-25,2000000.0,,24379978.0
681,To Catch a Thief,PG,95.0,1955-08-05,2500000.0,,8750000.0
682,Blue Velvet,R,94.0,1986-10-23,6000000.0,789409.0,8551228.0
683,Children of Men,R,92.0,2007-01-05,76000000.0,665244.2372442372,35552383.0
684,Wild Tales,R,95.0,2014-08-21,3300000.0,85100.0,3107072.0
685,Diabolique ,NR,95.0,1992-06-29,,,
686,Mission: Impossible Ghost Protocol,PG13,93.0,2011-12-01,,,
687,Gone Girl,R,87.0,2014-10-03,61000000.0,,167767189.0
688,The Dark Knight Rises,PG13,87.0,2012-07-20,250000000.0,9189023.032629559,448139099.0
689,Beauty and The Beast ,NR,95.0,2017-03-17,160000000.0,6445619.996276299,504014165.0
690,Call Me by Your Name,R,98.0,2017-11-24,,412932.0,626895.0
691,Her,R,94.0,2014-01-10,23000000.0,260382.0,25568251.0
692,The Hustler,NR,98.0,1961-10-27,2000000.0,,
693,Slumdog Millionaire,R,92.0,2008-12-25,15000000.0,360018.0,141319928.0
694,The Shape of Water,R,95.0,2017-12-08,19400000.0,,
695,Titanic,PG13,88.0,1997-12-19,200000000.0,4855880.551301684,658672302.0
696,Shakespeare in Love,R,92.0,1999-01-08,25000000.0,4224426.0,100317794.0
697,Up in the Air,R,91.0,2009-12-23,25000000.0,68923.25315005727,83823381.0
698,Eternal Sunshine Of The Spotless Mind,R,93.0,2004-03-19,20000000.0,8175198.0,34400301.0
699,Before Sunset,R,95.0,2004-07-30,2700000.0,56995.0,5792822.0
700,The Graduate,PG,91.0,1967-12-22,3000000.0,873.0,104945305.0
701,The Lunchbox,PG,96.0,2013-09-20,1000000.0,44542.0,4231500.0
702,Four Weddings and a Funeral,R,95.0,1994-04-15,4400000.0,,52700832.0
703,The Town,R,93.0,2010-09-17,37000000.0,23808032.0,92186262.0
704,A Summer's Tale,G,98.0,2014-06-20,,11000.0,196927.0
705,Midnight in Paris,PG13,93.0,2011-06-10,17000000.0,729860.7727114514,56816662.0
706,From Here to Eternity,G,92.0,1953-08-28,1650000.0,,30500000.0
707,About a Boy,PG13,94.0,2002-05-17,30000000.0,5436425.0,41385278.0
708,Big Night,R,96.0,1996-09-20,4100000.0,185942.0,11881039.0
709,Million Dollar Baby,PG13,91.0,2005-01-28,30000000.0,179953.0,100492203.0
710,Revanche,NR,96.0,2008-05-16,,,
711,Hamlet,PG13,95.0,1996-12-25,18000000.0,148321.0,4414535.0
712,Monsoon Wedding,R,95.0,2002-04-26,142886.30332720964,130466.0,13876974.0
713,Out of Sight,R,93.0,1998-06-26,48000000.0,12020435.0,37562568.0
714,Hannah and Her Sisters,PG13,93.0,1986-03-14,6400000.0,1265826.0,40084041.0
715,Dave,PG13,94.0,,,,
716,The Spectacular Now,R,92.0,2013-09-13,2500000.0,197415.0,6851969.0
717,Southside With You,PG13,92.0,2016-08-26,1500000.0,2868956.0,6303853.0
718,Knocked Up,R,89.0,2007-06-01,30000000.0,30690990.0,148734225.0
719,Open Hearts ,R,96.0,2002-09-06,,14224.0,122308.0
720,The General,NR,93.0,1927-02-24,750000.0,,
721,Howards End,PG,93.0,2017-01-01,,,
722,Mrs. Brown,PG,94.0,,,,
723,Moonstruck,PG,92.0,1988-01-15,15000000.0,127599.0,80640528.0
724,The Best of Youth ,R,95.0,2003-06-20,,44759.0,254224.0
725,Y Tu Mama Tambien,R,92.0,2002-04-26,2000000.0,408091.0,13622333.0
726,The Duke Of Burgundy,NR,93.0,2015-01-23,1000000.0,13000.0,32630.0
727,Kung Fu Hustle,R,90.0,2005-04-22,20000000.0,3188968.0,17108591.0
728,Obvious Child,R,90.0,2014-08-29,,77315.0,3122616.0
729,Last Resort,PG13,94.0,2012-01-01,,,
730,I'll See You in My Dreams,PG13,93.0,2015-05-15,,516000.0,7425963.0
731,Eat Drink Man Woman ,NR,93.0,1994-08-03,,,7294403.0
732,Cinema Paradiso ,R,90.0,2005-09-03,,,
733,Lone Star,R,93.0,1996-06-21,5000000.0,3845000.0,13269963.0
734,Talk to Her,R,92.0,2003-02-14,,964098.0,9284265.0
735,The Martian,PG13,92.0,2015-10-02,108000000.0,2008010.8194395176,228433663.0
736,Snowpiercer,R,95.0,2014-07-11,39200000.0,14842419.0,4563650.0
737,Live Die Repeat: Edge of Tomorrow,PG13,91.0,2014-06-06,178000000.0,,100206256.0
738,Blade Runner,R,90.0,1982-06-25,28000000.0,,27000000.0
739,Captain America: The Winter Soldier,PG13,89.0,2014-04-04,170000000.0,95023721.0,259766572.0
740,District 9,R,90.0,2009-08-14,30000000.0,21632.0,115646235.0
741,The Seventh Seal ,NR,92.0,1958-10-13,150000.0,,
742,Rogue One: A Star Wars Story,PG13,85.0,2016-12-16,200000000.0,13833858.791472992,532177324.0
743,L'année dernière à Marienbad ,NR,95.0,1962-03-07,,19113.0,143381.0
744,The Hunger Games: Catching Fire,PG13,89.0,2013-11-22,130000000.0,9357.791392928324,424668047.0
745,Love Is Strange,R,93.0,2014-12-18,,117276.0,2252580.0
746,Burma VJ: Reporter i et Lukket Land ,NR,97.0,2009-01-09,,6820.0,50436.0
747,No End in Sight,NR,96.0,2007-01-22,2000000.0,31533.0,1431623.0
748,Control Room,NR,96.0,2004-06-18,,27125.0,2586511.0
749,The Imposter,R,95.0,1986-10-24,,,27820000.0
750,Bigger Stronger Faster*,PG13,96.0,2008-01-19,,31576.0,307811.0
751,A Film Unfinished,NR,97.0,2010-01-01,,34060.0,311542.0
752,Trouble the Water,NR,96.0,2008-12-05,900000.0,28606.0,519981.0
753,Finding Vivian Maier,NR,95.0,2014-04-17,,63600.0,1514782.0
754,Sweetgrass,NR,97.0,2011-04-22,,2235.0,206728.0
755,Cutie And The Boxer,R,96.0,2013-11-01,,21098.0,200036.0
756,An Inconvenient Truth,PG,93.0,2006-06-30,1500000.0,367311.0,23808111.0
757,To Be and to Have ,NR,97.0,2002-08-28,1018329.9389002037,823788.0,775607.0
758,Food Inc.,PG,95.0,2009-07-31,,40744.0,4417124.0
759,Chasing Ice,PG13,96.0,2012-12-14,,83200.0,1328467.0
760,The Salt of the Earth,PG13,95.0,2015-03-27,,44900.0,1343349.0
761,The Wild Parrots of Telegraph Hill,G,95.0,2005-05-27,,104986.0,3058229.0
762,Touching the Void,R,94.0,2004-03-12,,115332.0,4581222.0
763,Super Size Me,PG13,93.0,2004-06-11,65000.0,516641.0,11529368.0
764,The Queen of Versailles,PG,94.0,2014-08-16,1000000.0,51326.0,2401652.0
765,I Am Divine,NR,96.0,2014-04-01,,5196.0,63661.0
766,Brooklyn Castle,PG,96.0,,,,
767,Deep Water,PG,96.0,2017-01-01,,,
768,Manakamana,NR,96.0,2014-12-12,,,
769,The Last of the Unjust,PG13,96.0,2013-11-13,1857907.2532699169,14328.0,38396.0
770,Up the Yangtze,NR,96.0,2008-07-11,990785.6930545922,15851.0,783416.0
771,Good Hair,PG13,95.0,2009-10-23,,1043732.0,4157104.0
772,National Gallery,NR,95.0,2014-10-08,,10049.0,100100.0
773,Last Days in Vietnam,NR,95.0,2014-01-17,,30500.0,466114.0
774,Plagues & Pleasures on the Salton Sea,NR,96.0,2006-02-24,,4424.0,53471.0
775,The Arbor,NR,96.0,2010-04-25,,3159.0,21268.0
776,Promises,NR,96.0,2001-12-20,,11138.0,243769.0
777,The Gatekeepers,PG13,93.0,2013-03-14,,61552.0,2415727.0
778,The Endurance,G,95.0,2001-12-21,,18931.0,2452566.0
779,After Tiller,PG13,95.0,2014-01-10,,10000.0,66300.0
780,My Winnipeg,NR,94.0,2008-07-04,600000.0,14309.0,156629.0
781,The Story of the Weeping Camel,PG,94.0,2004-07-16,,21767.0,1742832.0
782,Rocky,PG,93.0,1976-12-03,960000.0,5000000.0,117235247.0
783,The Crash Reel,G,96.0,2013-10-04,,,
784,Battle of the Sexes,PG13,86.0,2017-09-29,,515450.0,12598957.0
785,The Fighter,R,90.0,2010-12-17,25000000.0,1368307.4935400516,93617009.0
786,The Damned United,R,93.0,2009-03-27,10000000.0,432062.12914485164,449558.0
787,Sugar,R,92.0,,,,
788,Riding Giants,PG13,93.0,2004-08-13,,134400.0,2276368.0
789,Senna,PG13,92.0,2011-05-25,,73497.0,1612430.0
790,Dogtown and Z-Boys,PG13,92.0,2002-05-10,,103355.0,1293295.0
791,Tristram Shandy: A Cock & Bull Story,R,90.0,2006-01-20,1585234.6713468833,332582.0,1253413.0
792,Boxing Gym,NR,93.0,2011-03-09,,2036.0,34502.0
793,The Color of Money,R,89.0,1986-10-17,13800000.0,6357877.0,52293982.0
794,Up for Grabs,NR,92.0,2007-06-30,,1881.0,1881.0
795,Hoosiers,PG,88.0,1987-02-27,6000000.0,220068.0,28607524.0
796,Field of Dreams,PG,86.0,1989-05-05,,531346.0,64431625.0
797,Girlfight,R,87.0,2000-10-06,1000000.0,197896.0,1523941.0
798,The Heart of the Game,PG13,87.0,2006-07-07,,11251.0,444687.0
799,Tyson,R,85.0,2009-05-15,,85046.0,887126.0
800,Chariots of Fire,PG,83.0,1982-04-09,5500000.0,68907.0,58972904.0
801,The Hurricane,R,83.0,2000-01-14,50000000.0,337000.0,50668906.0
802,Looking for Eric,G,85.0,2009-05-27,,366242.0,55804.0
803,The Armstrong Lie,R,83.0,2013-11-14,,28992.0,381703.0
804,Major League,R,83.0,1989-04-07,11000000.0,8836265.0,49797148.0
805,Goon,R,82.0,2012-02-24,,49076.0,4168144.0
806,Beyond the Mat,R,82.0,2000-03-17,500000.0,966016.0,2047570.0
807,The Boxer,R,80.0,1998-01-09,,1758565.0,5799672.0
808,Step Into Liquid,PG,82.0,2003-08-29,,135985.0,3672451.0
809,Once in a Lifetime: The Extraordinary Story of the New York Cosmos,PG13,82.0,2006-07-07,1000000.0,9805.0,144431.0
810,Invictus,PG13,76.0,2009-12-11,60000000.0,608576.0181423037,37491364.0
811,Fed Up,PG,80.0,2014-01-19,,126028.0,1538899.0
812,A League of Their Own,PG,78.0,1992-07-01,40000000.0,,107533928.0
813,Stoked: The Rise and Fall of Gator,R,79.0,2004-06-25,,10998.0,131712.0
814,Talladega Nights: The Ballad of Ricky Bobby,PG13,71.0,2006-08-04,72500000.0,47042215.0,148213377.0
815,Invincible,PG,72.0,2014-12-25,65000000.0,30621445.0,115637895.0
816,Gunnin' for That #1 Spot,PG13,74.0,2008-10-10,,146.0,47122.0
817,Ultimate X: The Movie,PG,74.0,2002-05-17,,613670.0,4197175.0
818,Bleed For This,R,70.0,2016-11-18,6000000.0,2366810.0,4847865.0
819,The Blind Side,PG13,67.0,2009-11-20,29000000.0,34119372.0,255959475.0
820,More Than a Game,PG,71.0,2009-10-16,,182943.0,944527.0
821,Secretariat,PG,63.0,2010-10-08,35000000.0,12694770.0,59713955.0
822,Dust to Glory,PG,60.0,2005-04-22,,15757.0,639990.0
823,NASCAR: The IMAX Experience,PG,61.0,2004-03-12,,1467406.0,20034225.0
824,Glory Road,PG,56.0,2006-01-13,,16927589.0,42643187.0
825,The Sandlot,PG,57.0,1993-04-07,,,32416586.0
826,The Perfect Game,PG,57.0,2010-04-16,12500000.0,207329.0,1089445.0
827,Because of Winn-Dixie,PG,54.0,2005-02-18,14000000.0,13218723.0,32645546.0
828,Steep,PG,54.0,2008-09-26,,30735.0,259840.0
829,First Descent,PG13,52.0,2005-12-02,,438615.0,739690.0
830,Soul Surfer,PG,46.0,2011-04-08,18000000.0,10601862.0,43853424.0
831,Goal! The Dream Begins ,PG,44.0,2006-05-12,10000000.0,8613.0,4280577.0
832,The Replacements,PG13,41.0,2000-08-11,50000000.0,11039214.0,44737059.0
833,Beerfest,R,41.0,2006-08-25,17500000.0,7031228.0,19185184.0
834,Grudge Match,PG13,30.0,2013-12-25,40000000.0,7310000.0,29807260.0
835,Jiminy Glick in Lalawood,R,22.0,2005-05-06,,25660.0,25660.0
836,Playing for Keeps,PG13,3.0,2012-12-07,35000000.0,5750288.0,13101142.0
837,Behind the Candelabra,NR,95.0,2013-06-07,23000000.0,59737.19981875849,
838,The Return,NR,95.0,2003-06-25,,129056.0,502028.0
839,Being Elmo: A Puppeteer's Journey,PG,95.0,2012-04-27,,22963.0,302652.0
840,Best Worst Movie,NR,95.0,2009-03-14,,5503.0,103194.0
841,Not Quite Hollywood: The Wild Untold Story of Ozploitation!,R,94.0,2008-08-28,,4694.0,19368.0
842,American Movie,R,94.0,2000-04-13,,20260.0,1160426.0
843,Carlos,NR,94.0,2010-10-11,,20006.0,145118.0
844,The Normal Heart,R,94.0,2014-05-25,,,
845,Alien: The Director's Cut,R,94.0,1979-06-22,11000000.0,,78900000.0
846,The Kid Stays in the Picture,R,92.0,2002-08-16,,89087.0,1434436.0
847,Yoo-hoo Mrs. Goldberg,G,93.0,2009-07-10,,19302.0,1133662.0
848,Saraband,R,92.0,2003-12-01,,34304.0,645634.0
849,Electric Boogaloo: The Wild Untold Story of Cannon Films,R,93.0,2015-06-05,,,
850,Side by Side,NR,92.0,2012-08-22,,6956.0,28592.0
851,Joan Rivers: A Piece Of Work,R,91.0,2010-07-02,,164351.0,2927972.0
852,Duel,PG,88.0,1971-11-13,450000.0,,
853,Corman's World: Exploits Of A Hollywood Rebel,R,92.0,2012-02-21,,6468.0,6468.0
854,Tell Them Who You Are,R,88.0,2006-06-02,,4060.0,38580.0
855,The Five Obstructions,NR,88.0,2003-11-21,,13040.0,92221.0
856,Doctor Zhivago,PG13,82.0,1965-12-31,11000000.0,,111722000.0
857,This Film Is Not Yet Rated,NC17,84.0,2006-09-01,,37785.0,302179.0
858,Trekkies,PG,86.0,2002-11-08,375000.0,125636.0,318246.0
859,Inside Deep Throat,NC17,83.0,2005-04-21,2000000.0,88709.0,653621.0
860,Outfoxed: Rupert Murdoch's War on Journalism,NR,85.0,2004-07-13,200000.0,78054.0,237277.0
861,Trumbo,PG13,82.0,2015-11-27,15000000.0,74177.0,7857741.0
862,Confirmation,NR,81.0,2016-04-16,,,
863,Tupac: Resurrection,R,78.0,2003-11-14,300000.0,4632847.0,7707563.0
864,Overnight,R,78.0,2005-07-08,550052.0,,
865,Teacher's Pet,PG,76.0,2000-09-08,,,
866,POM Wonderful Presents: The Greatest Movie Ever Sold,PG13,73.0,2011-08-24,1500000.0,118294.0,638476.0
867,Fellini: I'm a Born Liar,R,73.0,2003-04-02,,8981.0,106080.0
868,Only Human ,R,72.0,2004-07-09,,9590.0,282998.0
869,My Date With Drew,PG,71.0,2005-09-30,1100.0,85222.0,85222.0
870,Waking Sleeping Beauty,PG,71.0,2010-10-06,,33115.0,80172.0
871,Porn Star: The Legend of Ron Jeremy,R,69.0,2001-01-01,,23865.0,411897.0
872,The Rugrats Movie,G,59.0,1998-11-20,24000000.0,27321470.0,100494675.0
873,I'm Still Here,R,53.0,2010-09-16,,96658.0,408719.0
874,No Strings Attached,R,49.0,2011-01-21,25000000.0,19652921.0,70662220.0
875,Bamboozled,R,48.0,2000-10-20,10000000.0,190720.0,2185266.0
876,The Real Cancun,R,35.0,2003-04-25,8000000.0,2108796.0,3713002.0
877,I Am,PG13,36.0,2011-02-01,,39690.0,1571355.0
878,15 Minutes,R,33.0,2001-03-09,60000000.0,10523154.0,24403552.0
879,Man of the Year,PG,21.0,2006-10-13,20000000.0,12299380.0,37442180.0
880,Pokemon 3: The Movie,G,22.0,2001-04-06,16000000.0,8240752.0,17052128.0
881,The Honeymooners,PG,13.0,1955-10-01,,,
882,From Justin To Kelly,PG,10.0,2003-06-20,12000000.0,2715848.0,4922166.0
883,The Good the Bad and the Ugly,R,97.0,1967-12-29,1200000.0,10584.0,6100000.0
884,Unforgiven,R,96.0,1992-08-07,14400000.0,15018007.0,101157447.0
885,The Man Who Shot Liberty Valance,G,93.0,1962-04-22,3200000.0,,
886,Django Unchained,R,87.0,2012-12-25,100000000.0,30688000.0,162805434.0
887,3:10 to Yuma,R,89.0,2007-09-07,55000000.0,,53606916.0
888,Blazing Saddles,R,90.0,1974-02-07,2600000.0,,119500000.0
889,The Magnificent Seven,R,90.0,2016-09-23,90000000.0,560046.333422436,93381044.0
890,Butch Cassidy and the Sundance Kid,PG,89.0,1969-10-24,6000000.0,,102308889.0
891,McCabe & Mrs. Miller,R,89.0,1971-06-24,,,
892,The Proposition,R,86.0,2013-01-25,6000000.0,4805878.0,8828771.0
893,The Three Burials of Melquiades Estrada,R,85.0,2006-02-24,15000000.0,77132.0,5023275.0
894,Meek's Cutoff,PG,86.0,2011-04-15,,20042.0,977600.0
895,Dances With Wolves,PG13,82.0,1990-11-21,22000000.0,598257.0,184208848.0
896,The Homesman,R,81.0,2014-05-18,16000000.0,139311.0,2428883.0
897,The Hateful Eight,R,74.0,2015-12-30,44000000.0,16240000.0,54117416.0
898,The Good the Bad the Weird,R,83.0,2008-07-17,10000000.0,4775.0,128486.0
899,Open Range,R,79.0,2003-08-15,22000000.0,14047781.0,58331254.0
900,Shanghai Noon,PG13,79.0,2000-05-26,55000000.0,19647065.0,56937502.0
901,Appaloosa,R,77.0,2008-10-03,20000000.0,248847.0,20207003.0
902,The Assassination of Jesse James by the Coward Robert Ford,R,76.0,2007-10-19,30000000.0,147812.0,3904982.0
903,Red Hill,R,78.0,2010-11-05,,8650.0,20960.0
904,In a Valley of Violence,R,77.0,2016-10-21,,29343.0,50381.0
905,The Horse Whisperer,PG13,74.0,1998-05-15,60000000.0,13685488.0,75383563.0
906,Blackthorn,R,75.0,2011-07-01,,15254.0,200558.0
907,The Keeping Room,R,74.0,2015-09-25,,4328.0,27166.0
908,Tombstone,R,73.0,1993-12-25,25000000.0,6454752.0,56505065.0
909,Fah talai jone ,NR,74.0,2001-08-09,,9655.0,74410.0
910,The Salvation,R,71.0,2015-02-27,9377511.833526839,5000.0,5000.0
911,The Rover,R,66.0,2014-06-20,8500000.0,69302.0,1109199.0
912,Maverick,PG13,66.0,1994-05-20,75000000.0,17248545.0,101631272.0
913,The Claim,R,62.0,2001-02-02,13393156.097234312,38975.0,669258.0
914,The Missing,R,58.0,2014-01-01,,,
915,Heaven's Gate,R,57.0,1980-11-19,44000000.0,12032.0,3484331.0
916,Legends of the Fall,R,56.0,1995-01-13,30000000.0,14038128.0,66638883.0
917,The Quick and the Dead,R,56.0,1995-02-10,32000000.0,6515861.0,18636537.0
918,Sukiyaki Western Django,R,57.0,2007-09-15,3800000.0,12172.0,48034.0
919,The Killer Inside Me,R,55.0,2010-06-08,13000000.0,85983.91346553876,214966.0
920,Seraphim Falls,R,55.0,2007-04-13,18000000.0,155560.0,418296.0
921,Ned Kelly,R,56.0,2004-03-26,,743752.0,74864.0
922,Down in the Valley,R,52.0,2005-12-09,8000000.0,22806.0,568695.0
923,Cowboys & Aliens,PG13,44.0,2011-07-29,163000000.0,28179256.43123352,100240551.0
924,Forsaken,R,43.0,2016-02-19,11000000.0,,
925,Jane Got a Gun,R,40.0,2016-01-29,25000000.0,835572.0,1512815.0
926,A Million Ways to Die in the West,R,33.0,2014-05-30,40000000.0,17069000.0,43139300.0
927,Brimstone,R,38.0,2017-01-12,11250703.16894806,,
928,The Lone Ranger,PG13,30.0,2013-07-03,215000000.0,29210849.0,89302115.0
929,The Alamo,PG13,29.0,1960-10-24,12000000.0,,17262932.0
930,The Dark Tower,PG13,16.0,2017-08-04,60000000.0,19153698.0,50701325.0
931,Wild Wild West,PG13,17.0,1999-06-30,170000000.0,49705055.0,113805681.0
932,Priest,PG13,15.0,2011-05-13,60000000.0,244785.21540268252,29136626.0
933,American Outlaws,PG13,14.0,2001-08-17,35000000.0,4855475.0,13264986.0
934,Jonah Hex,PG13,12.0,2010-06-18,47000000.0,5379365.0,10539414.0
935,September Dawn,R,13.0,2007-08-24,11000000.0,635000.0,1066555.0
936,Texas Rangers,PG13,2.0,2001-11-30,38000000.0,319516.0,623374.0
